ymin,97.4,97.5,97.6,97.69999999999999,97.79999999999998,97.89999999999998,97.99999999999997,98.09999999999997,98.19999999999996,98.29999999999995,98.39999999999995,98.49999999999994,98.59999999999994,98.69999999999993,98.79999999999993,98.89999999999992,98.99999999999991,99.09999999999991,99.1999999999999,99.2999999999999,99.39999999999989,99.49999999999989,99.59999999999988,99.69999999999987,99.79999999999987,99.89999999999986,99.99999999999986,100.09999999999985,100.19999999999985,100.29999999999984,100.39999999999984,100.49999999999983,100.59999999999982,100.69999999999982,100.79999999999981,100.8999999999998,100.9999999999998,101.0999999999998,101.19999999999979,101.29999999999978,101.39999999999978,101.49999999999977,101.59999999999977,101.69999999999976,101.79999999999976,101.89999999999975,101.99999999999974,102.09999999999974,102.19999999999973,102.29999999999973,102.39999999999972
13.0,0.0,0.0,0.0,0.0,0.0,0.0,0.0,0.0,0.0,0.0,0.0,0.0,0.0,0.0,0.0,0.0,0.0,0.0,0.0,0.0,0.0,0.0,3.1510338948578265,0.0,0.0,0.0,0.0,0.0,0.0,0.0,0.0,0.0,0.0,0.0,0.0,0.0,0.0,0.0,0.0,0.0,0.0,0.0,0.0,0.0,0.0,0.0,0.0,0.0,0.0,0.0,0.0
13.1,0.0,0.0,0.0,0.0,0.0,0.0,0.0,0.0,0.0,0.0,0.0,0.0,0.0,0.0,0.0,0.0,0.0,0.0,0.0,0.0,0.0,0.0,0.44907574478138035,0.009917656145107487,0.0,0.0,0.0,0.0,0.0,0.0,0.0,0.0,0.0,0.0,0.0,0.0,0.0,0.0,0.0,0.0,0.0,0.0,0.0,0.0,0.0,0.0,0.0,0.0,0.0,0.0,0.0
13.2,0.0,0.0,0.0,0.0,0.0,0.0,0.0,0.0,0.0,0.0,0.0,0.0,0.0,0.0,0.0,0.0,0.0,0.0,0.0,0.0,0.0,0.0,0.0,0.0,0.0,0.0,0.0,0.0,0.0,0.0,0.0,0.0,0.0,0.0,0.0,0.0,0.0,0.0,0.0,0.0,0.0,0.0,0.0,0.0,0.0,0.0,0.0,0.0,0.0,0.0,0.0
13.299999999999999,0.0,0.0,0.0,0.0,0.0,0.0,0.0,0.0,0.0,0.0,0.0,0.0,0.0,0.0,0.0,0.0,0.0,0.0,0.0,0.0,0.0,0.0,0.0,0.0,0.0,0.0,0.0,0.0,0.0,0.0,0.0,0.0,0.0,0.0,0.0,0.0,0.0,0.0,0.0,0.0,0.0,0.0,0.0,0.0,0.0,0.0,0.0,0.0,0.06491556040418668,0.01532729167894006,0.0
13.399999999999999,0.0,0.0,0.0,0.0,0.0,0.0,0.0,0.0,0.0,0.0,0.0,0.0,0.0,0.0,0.0,0.0,0.0,0.0,0.0,0.0,0.0,0.0,0.0,0.0,0.0,0.0,0.0,0.0,0.0,0.0,0.0,0.0,0.0,0.0,0.0,0.0,0.0,0.0,0.0,0.0,0.0,0.0,0.0,0.0,0.0,0.0,0.0,0.0,0.008114444299934407,0.0,0.0
13.499999999999998,0.0,0.0,0.0,0.0,0.0,0.0,0.0,0.0,0.0,0.0,0.0,0.0,0.0,0.0,0.0,0.0,0.0,0.0,0.0,0.0,0.0,0.0,0.0,0.0,0.0,0.0,0.0,0.0,0.0,0.0,0.0,0.0,0.0,0.0,0.0,0.0,0.0,0.0,0.0,0.0,0.0,0.0,0.0,0.0,0.0,0.0,0.0,0.0,0.0,0.0,0.0
13.599999999999998,0.0,0.0,0.0,0.0,0.0,0.0,0.0,0.0,0.0,0.0,0.0,0.0,0.0,0.0,0.0,0.0,0.0,0.0,0.0,0.0,0.0,0.0,0.0,0.0,0.0,0.0,0.0,0.0,0.0,0.0,0.0,0.0,0.0,0.0,0.0,0.0,0.0,0.0,0.0,0.0,0.0,0.0,0.0,0.0,0.0,0.0,0.07303001070428147,0.0,0.0,0.0,0.0
13.699999999999998,0.0,0.0,0.0,0.0,0.0,0.0,0.0,0.0,0.0,0.0,0.0,0.0,0.0,0.0,0.0,0.0,0.0,0.0,0.0,0.0,0.0,0.0,0.0,0.0,0.0,0.0,0.0,0.0,0.0,0.0,0.0,0.0,0.0,0.0,0.0,0.0,0.0,0.0,0.0,0.0,0.0,0.0,0.0,0.0,0.0,0.0,0.0,0.0,0.0,0.0,0.0
13.799999999999997,0.0,0.0,0.0,0.0,0.0,0.0,0.0,0.0,0.0,0.0,0.0,0.0,0.0,0.0,0.0,0.0,0.0,0.009016056222965774,0.0,0.0,0.0,0.025244944823962362,0.0,0.0,0.0,0.0,0.0,0.0,0.0,0.0,0.0,0.0,0.0,0.0,0.0,0.0,0.0,0.0,0.0,0.0,0.0,0.0,0.0,0.0,0.0,0.0,0.0,0.0,0.0,0.0,0.14415179054372818
13.899999999999997,0.0,0.0,0.0,0.0,0.0,0.0,0.0,0.0,0.0,0.0,0.0,0.0,0.0,0.0,0.0,0.0,0.0,0.0,0.0,0.0,0.0,0.0,0.0,0.0,0.0,0.0,0.0,0.0,0.0,0.0,0.0,0.0,0.0,0.0,0.0,0.0,0.0,0.0,0.0,0.0,0.0,0.0,0.0,0.0,0.0,0.0,0.0,0.0,0.0,0.0,0.003711487710626914
13.999999999999996,0.0,0.0,0.0,0.0,0.0,0.0,0.0,0.0,0.0,0.0,0.0,0.0,0.0,0.0,0.0,0.02975295343494646,0.7149729413641088,0.0,0.008114444300503287,0.0,0.0,0.0,0.0,0.0,0.0,0.0,0.0,0.0,0.0,0.0,0.0,0.0,0.0,0.0,0.0,0.0,0.0,0.0,0.0,0.0,0.0,0.0,0.0,0.0,0.0,0.0,0.0,0.0,0.0,0.0,0.0
14.099999999999996,0.0,0.0,0.0,0.0,0.0,0.0,0.0,0.0,0.0,0.0,0.0,0.0,0.0,0.0,0.0,0.4651262289561077,0.4963611962018188,0.7433459089241073,0.02254013005638274,0.014425673756317186,0.0,0.0,0.0,0.0,0.0,0.0,0.0,0.0,0.0,0.0,0.0,0.0,0.0,0.0,0.0,0.0,0.0,0.0,0.0,0.0,0.0,0.0,0.0,0.0,0.0,0.0,0.0,0.0,0.0,0.0,0.0
14.199999999999996,0.0,0.0,0.0,0.0,0.0,0.0,0.0,0.0,0.0,0.0,0.0,0.0,0.0,0.0,0.0,1.9648088655383438,0.26459491890296316,0.23171254502661429,0.0,0.049588298725469694,0.2885136311291364,0.0,0.0,0.0,0.0,0.0,0.0,0.0,0.0,0.0,0.0,0.0,0.0,0.0,0.0,0.0,0.0,0.0,0.0,0.0,0.0,0.0,0.0,0.0,0.0,0.0,0.0,0.0,0.0,0.0,0.0
14.299999999999995,0.0,0.0,0.0,0.0,0.0,0.0,0.0,0.0,0.0,0.0,0.0,0.0,0.0,0.0,0.13163436865391992,0.23839168776387754,0.0,0.0,0.0,0.0,0.0,0.0,0.0,0.0,0.35523246937642805,0.0,0.0,0.0,0.0,0.0,0.0,0.0,0.0,0.0,0.0,0.0,0.0,0.0,0.0,0.0,0.0,0.0,0.0,0.0,0.0,0.0,0.0,0.0,0.0,0.05319470441477579,0.0
14.399999999999995,0.0,0.0,0.0,0.0,0.0,0.0,0.0,0.0,0.0,0.0,0.0,0.0,0.0,0.0,0.0,0.0,0.0,0.07867750003733798,0.0,0.0,0.0,0.0,0.0,0.0,1.5787107249005488,0.0,0.0,0.0,0.0,0.0,0.0,0.0,0.0,0.0,0.0,0.0,0.0,0.0,0.0,0.0,0.0,0.010429359136907798,0.007602747308863364,0.06491556340293449,0.0,0.0,0.0,0.0,0.0,0.0,0.0
14.499999999999995,0.0,0.0,0.0,0.0,0.0,0.0,0.0,0.0,0.0,0.0,0.0,0.0,0.0,0.6951375990689004,0.01622890060131736,0.702350485454792,0.0,4.267961237253435,0.0,0.0,0.0,0.0,0.0,0.011720861989561286,0.11360226820697178,0.0,0.0,0.0,0.0,0.0,0.0,0.0,0.0,0.0,0.0,0.0,0.03426098904624808,0.0,0.0,0.0,0.0,0.8384928717207101,0.4787523487220797,0.06581718432695996,0.0,0.042375442347366205,0.0,0.0,0.0,0.0,0.0
14.599999999999994,0.0,0.0,0.0,0.0,0.0,0.0,0.0,0.0,0.0,0.0,0.0,0.0,0.0,0.0,0.0,0.07934125515971288,2.886093519154242,12.53464758354106,0.0,0.5919664297729222,0.008114444300503287,0.0,0.0,0.0,0.0,0.0,0.0,0.0,0.0,0.0,0.0,0.0,0.0,0.05770272202504735,0.0,0.023441738979518546,0.05048987764572765,0.014425688756333908,0.0,0.007212841378276387,0.0315561922800678,0.03245778620111098,0.01803210944584636,0.0,0.0,0.0,0.0,0.0,0.0,0.0,0.0
14.699999999999994,0.0,0.0,0.0,0.0,0.0,0.0,0.0,0.0,0.0,0.0,0.0,0.0,0.0,0.0,0.7654627530133618,0.0,4.927603063818921,5.173527325308103,1.0331240583520156,0.33037574471535036,1.2135606473797973,0.03606421289155231,0.0,0.0,0.0,0.0,0.0,0.0,0.0,0.0,0.0,0.0,0.09106210814941783,0.17851781360792807,0.03065458635643831,0.01352407383322734,0.0,0.0,0.0,0.12442150627242239,0.3308891004753133,0.6716958900968106,0.0,0.27408801137235655,0.0,0.01622890060131736,0.0,0.0,0.0,0.0,0.0
14.799999999999994,0.0,0.0,0.0,0.0,0.0,0.0,0.0,0.0,0.0,0.0,0.0,0.0,0.13073275373043405,0.0,0.16524628522806503,4.917533642067193,15.340615655828122,3.8327081639802647,1.4670528664843137,1.4326618512015277,0.37776142472695345,0.0,0.0,0.0,0.0,0.0,0.0,0.0,0.0,0.0,0.0,0.0,0.0,0.03606421588954162,0.07483322254679979,0.04598186903627056,0.0,0.0,0.047785065880858034,0.0,0.8538201483943341,0.0,0.0,0.0,0.1487648631761008,0.06491556940364379,0.0,0.0,0.0,0.0,0.0
14.899999999999993,0.0,0.0,0.0,0.0,0.0,0.0,0.0,0.0,0.0,0.0,0.0,0.0,0.0,0.04508024811396172,0.2163013831375387,4.807745138904595,9.478036989174806,1.7738127473209129,17.40589373127661,3.382809716255706,0.16048572215970847,0.0,0.3590950780623322,0.0,0.0,0.0,0.0,0.0,0.0,0.0,0.0,0.0,0.015327285678779674,0.05048989264593401,0.0,0.0,0.0,0.0,0.014425679756477574,0.0,0.02794976859028053,0.08204607292797651,0.3471179950734662,0.0,0.24253180409208241,0.0,0.0,0.0,0.0,0.0,0.0
14.999999999999993,0.0,0.0,0.0,0.0,0.0,0.0,0.0,0.0,0.0,0.0,0.0,0.0,0.0,0.0,0.0,0.0,0.0,0.0,0.045888809254776494,2.7770200373170146,0.15140658733079285,0.0,0.5443133720571272,0.73821892464422,1.330769267277146,0.0,0.0,0.0,0.0,0.0,0.0,0.0,0.0,0.3372003599277573,0.03426098004638176,0.0,0.0,0.008114453300738874,0.041473836425054124,0.3946161276382289,0.24191709848917003,0.0,0.13073274473114663,0.42826245008031677,0.0,0.0,0.0,0.0,0.0,0.0,0.0
15.099999999999993,0.0,0.0,0.0,0.0,0.0,0.0,0.0,0.0,0.0,0.0,0.0,0.0,0.0,0.0,0.0,0.0,0.0,0.0,2.2169002880779733,0.3698980597045727,2.3180269541643317,0.026146556746434835,0.0,0.03445675374627021,0.0,0.0,0.0,0.0,0.0,0.1218944922167547,0.021638533133936974,0.0,0.1303308534492743,1.3554161864334862,0.0,0.0,0.0,0.07032519893524007,0.30834898541592326,0.0,0.08475087269364316,0.0,0.24613824278453109,0.07393163762770881,0.2299093301808071,0.035162609968566905,0.040118260748456716,0.0,0.0,0.0,0.0
15.199999999999992,0.0,0.0,0.0,0.0,0.0,0.0,0.0,0.0,0.0,0.0,0.0,0.0,0.0,0.0,0.0,0.0,0.0,0.0,0.0,0.0,0.7212841708208709,0.0,0.0,0.03967063357973738,0.0,0.0,0.0,0.0,0.1740948948724397,0.5588173790970897,0.7401860312063732,1.9148577992163178,0.27156670428158264,0.4418848859337421,0.9719303892048701,0.3910246800027608,1.2151130574558782,0.845422585369534,0.8212666760383861,0.41635950985623454,0.0,0.0,0.343511619389493,0.0,0.3840838798918992,0.2968898459429964,0.4518964782987884,0.009016050222805386,0.0,0.0,0.0
15.299999999999992,0.0,0.0,0.0,0.0,0.0,0.0,0.0,0.0,0.0,0.0,0.0,0.0,0.0,0.0,0.0,0.0,0.0,0.0,0.0,0.0,4.19461099191756,0.12326750137259822,0.125323139198106,0.0,0.0,0.0,0.0,0.0,1.538053353529316,0.2650719371511851,0.1199134976631749,0.7582499536366174,0.17491140791955018,0.0,0.44719623145078835,0.33629874200665133,0.7798884777604183,0.21007401188947367,0.26597354606977985,1.967845588972738,0.0,0.093766952917999,2.9184960664085273,1.6218577254176758,0.5888782649944332,0.055899522181312826,0.5148166096192266,0.052293104492065194,0.0,0.0,0.0
15.399999999999991,0.0,0.0,0.0,0.0,0.0,0.0,0.0,0.0,0.0,0.0,0.0,0.0,0.16769857254105494,0.0,0.01893371536815845,0.0,0.0,0.0,0.0,0.0,1.4929670977654579,0.0,0.0,0.08655409353849293,0.0,0.0,0.0,0.0,0.04147384242520452,0.0793412701614562,0.0,0.21277883265552705,0.14655971463484394,0.01663079229736096,0.11089744444123247,0.10729104175124309,0.01713049752339386,0.0,0.0,0.12135577916623828,0.0,0.0,0.3840838168852898,0.6329268654335722,0.8033302677435606,0.0045080266114353035,0.0,0.0,0.0,0.0,0.0
15.499999999999991,0.0,0.0,0.0,0.0,0.0,0.0,0.0,0.0,0.0,0.0,0.0,0.0,0.0,0.13163435365352394,0.347118001074375,0.06491557240372899,0.0,0.0,0.0,1.924839061525914,0.7997238110590035,0.0,0.0,0.0,0.0,0.0,0.0,0.07294197317227334,0.5869449754022743,0.01983530928995015,0.0,0.0,0.0,0.18753387283229642,0.0,0.5869449874021856,0.0,0.0,0.017130500523089807,0.033359398122625325,0.0,0.0,0.0,0.0,0.01803210344569596,0.0,0.0,0.08565249361710972,0.0,0.0,0.0
15.59999999999999,0.0,0.0,0.0,0.0,0.0,0.0,0.0,0.0,0.0,0.0,0.0,0.0,0.0,0.0,0.44629458652442483,0.30907647933260307,0.0,0.0,0.0,1.8526886739060668,0.18025798284544886,0.013524076834250673,0.0,0.02344172997928296,0.0,0.3534291975336832,0.0,0.6223188409724875,0.028728111437744442,0.0,0.0,0.0,0.0,0.0,0.25335107215680797,0.0,0.13524076534052526,0.0,0.1806029425276749,0.0,0.0,0.0,0.0,0.0,0.0,0.0,0.0,0.0,0.0,0.0,0.0
15.69999999999999,0.0,0.0,0.0,0.0,0.0,0.0,0.0,0.0,0.0,0.0,0.0,0.0,0.46793309565885793,0.0,0.046353486021408985,0.00919015022962381,0.0,0.0,0.009016053222880589,4.571399673448845,0.0,0.0,0.027048150668426148,0.0,0.0,0.0090160412225698,0.0,0.0,0.0,0.0,0.0,0.0,0.0,0.17040339931086154,0.5184229613061808,0.3602640007088921,0.38861198980753525,0.6621909179175117,1.1790177262633497,0.007212838378201186,0.0,0.0,0.0,0.7023504404504199,0.0,0.0,0.0,0.0,0.0,0.0,0.0
15.79999999999999,0.0,0.0,0.0,0.0,0.0,0.0,0.0,0.0,0.0,0.0,0.0,0.0,1.0467636657565063,2.293066194710929,3.1578358476243196,1.1006913338522009,0.2019595825891867,0.0,0.0,0.11720867389478082,0.8303783734062777,0.11720864089617922,0.0,0.0,0.0,0.0,0.0,0.0,0.0,0.0,0.0,0.0,0.0,0.07573482847176664,0.04057223050199352,0.1392050869250161,0.0,1.5539546060377,0.06671879324857874,0.0,0.0,0.0,0.0,0.0,0.0,0.0,0.0,0.0,0.0,0.0,0.0
15.89999999999999,0.0,0.0,0.0,0.0,0.0,0.0,0.0,0.0,0.0,0.0,0.0,0.0,0.0,0.0,5.291240757035756,1.4159022225751416,0.0,0.0,0.0,0.5779289431789524,0.21728686226989183,0.04147385442553528,0.0,0.14335520064080298,0.0,0.0,0.0,0.0,0.0,0.0,0.0,0.0,0.31556186279629955,0.36875654321121226,0.345062671887752,0.18122267937667635,0.13127779046242677,0.10548782390572994,0.0,0.0,0.0,0.08114445800201557,0.01713049752339386,0.0,0.0,0.0,0.0,0.0,0.0,0.0,0.0
15.99999999999999,0.0,0.0,0.0,0.0,0.0,0.0,0.0,0.0,0.0,0.0,0.0,0.0,0.0,6.9534756981346355,10.954841939526316,1.97559350625913,0.0,0.0,0.0,0.0,0.0,0.0,0.0,0.0,0.0,0.0,0.0,0.0,0.0,0.0,0.0,0.0,0.0,0.2975297053522141,0.30769955084332096,0.10819261467210911,0.37452268493290675,0.8565250021714941,0.0,0.0,0.0,0.0,0.0,0.0,0.0,0.0,0.0,0.0,0.0,0.0,0.0
16.099999999999987,0.0,0.0,0.0,0.0,0.0,0.0,0.0,0.0,0.0,0.0,0.0,0.0,0.0,4.0421060654065695,14.37104309487255,2.8836258553842913,0.0910621201507067,0.0,0.0,0.0,0.0,0.0,0.0,0.0,0.0,0.0,0.0,0.0,0.00830558606748026,0.0,0.0,0.0,0.7197307828782988,0.7827192588492711,0.10962006629968851,0.026146559746510034,0.0,0.6608766370273712,0.013524073834165488,0.0,0.06852198409340507,0.0,0.0,0.0,0.03967063357916849,0.0,0.0,0.0,0.0,0.0,0.0
16.19999999999999,0.0,0.0,0.0,0.0,0.0,0.0,0.0,0.0,0.0,0.0,0.0,0.0,0.0,0.0,7.191291782481193,6.517824639892369,0.3606420809070042,0.2880780615740774,0.0,0.0,0.0,0.0,0.0,0.0,0.0,0.0,0.024343338901101366,0.0,0.012431332144288296,0.0,0.0,0.0,0.09737336460595845,0.3808531230036797,0.12274490067902229,0.07523246841840082,0.43637693338240646,0.03335938312355674,0.08835731138306786,0.0,0.0,0.0,0.0,0.0,0.0,0.0,0.0,0.0,0.0,0.0,0.0
16.29999999999999,0.0,0.0,0.0,0.0,0.0,0.0,0.0,0.0,0.0,0.0,0.0,0.0,0.7506828947607889,8.114114587717427,0.0,0.01983531529030016,0.32818429770728585,0.14559407203998778,0.09286533799299616,0.0,0.0,0.0,0.0,0.0,0.0,0.0,0.21818845018888836,0.05139150157040718,0.0,0.0,0.0,0.0,0.0,0.0,0.0,0.0,0.13794559210749752,0.030654562357333746,0.11089744144000951,0.0,0.0,0.0,0.0,0.0,0.0,0.0,0.0,0.0,0.0,0.0,0.0
16.399999999999988,0.0,0.0,0.0,0.0,0.0,0.0,0.0,0.0,0.0,0.0,0.0,0.0,4.2991648289874185,11.266243818068396,1.1048519494444455,0.6055243649579751,0.0589096768668918,0.07538160295170164,0.5445695210526609,0.0,0.07122682586095291,0.0,0.0,0.0,0.0,0.0,0.0,0.0,0.0,0.0,0.0,0.0,0.0,0.0,0.0,0.0,0.0,0.013524079834325875,0.06040754879313737,0.0,0.0,0.0,0.0,0.0,0.0,0.0,0.0,0.0,0.0,0.0,0.0
16.499999999999986,0.0,0.0,0.0,0.0,0.0,0.0,0.0,0.0,0.0,0.0,0.0,0.09738064932952105,3.9981445054083973,0.0,5.824370326245078,1.435869855138415,1.4531158278320035,1.0274403825263352,4.130374224332312,0.21085480841123874,0.0,0.25695748384666367,0.0,0.0,0.0,0.0,0.0,0.0,0.0,0.0,0.0,0.0,0.015327285678779674,0.0,0.0,0.0,0.0635817980416167,0.7722062259051274,0.02434333290150986,0.0,0.0,0.0,0.0,0.0,0.0,0.0,0.0,0.0,0.0,0.0,0.0
16.599999999999987,0.0,0.0,0.0,0.0,0.0,0.0,0.0,0.0,0.0,0.0,0.0,0.4377501771230626,12.781762529102995,1.9713375658795074,1.6551463464461904,8.449067850695975,1.6796941353196164,1.545809262386232,0.9881592658150267,0.5128592652602206,0.0,0.0,0.0,0.0,0.0,0.0,0.0,0.0,0.0,0.0,0.0,0.0,0.0378674307363169,0.0,0.0,0.0,0.8114446850482974,0.009917656145107487,0.044178642190891126,0.0,0.0,0.0,0.0,0.0,0.0,0.0,0.0,0.0,0.0,0.0,0.0
16.69999999999999,0.0,0.0,0.0,0.0,0.0,0.0,0.0,0.0,0.0,0.0,0.5211278270739711,0.00901605922305096,8.537418421593397,3.3191943324874447,12.040883017643994,0.894808644908117,3.1874124820257586,1.5355359228174388,1.428444143470472,3.3691512764719587,0.10458619998047156,0.0,0.0,0.036064212888707904,0.0,0.0,0.0,0.0,0.0,0.0,0.0,0.05409632533538799,0.13524078034167977,0.0,0.0,0.0,0.0,0.020736921212612246,0.0,0.0,0.9259485771759565,0.0,0.0,0.0,0.0,0.0,0.0,0.0,0.0,0.0,0.0
16.799999999999986,0.0,0.0,0.0,0.0,0.0,0.0,0.0,0.0,0.0,0.0,0.0,0.0,4.098880389646413,7.637227113648695,2.911836385593394,1.3199500802168174,7.237746331061011,0.011720861989561286,0.013524082833652555,0.056801119103758596,0.0,0.0,0.0,0.21728685326851854,0.0,0.0,0.0,0.0,0.0,0.0,0.0,0.37326454882228083,0.0,0.0,0.0,0.04598186003528645,0.0,0.0,0.0,0.0,0.036064215890679374,0.0,0.0,0.0,0.11179902636119637,0.17220660215410247,0.570716128801592,0.0,0.0,0.0,0.0
16.899999999999984,0.0,0.0,0.0,0.0,0.0,0.0,0.0,0.0,0.0,0.0,0.0,0.550102677352571,1.2742706643500634,0.10804958574593815,3.261824812379312,0.7717740934613393,0.0,0.0,1.2207740441669195,3.2196316580334314,0.0,0.0,0.0,0.0,0.0,0.0,0.0,0.0,0.0,0.0,0.0,0.04417865419064303,0.0,0.22449969764441502,0.0027048117667558993,0.036064191889289304,0.0,0.5797321130230624,3.1526845020269616,2.996074498509308,0.9674223895996208,0.0,0.0,0.0423754663459019,0.12738416516616174,0.003348564563650767,0.7528403631011484,0.0,0.0,0.0,0.0
16.999999999999986,0.0,0.0,0.0,0.0,0.0,0.0,0.0,0.0,0.0,1.838576162640796,0.3303117753857021,0.47085037952561637,0.7188158243200249,0.868910878805726,2.1749701848793066,1.2574408312275156,0.0,0.19564833513403934,0.0,1.5174016031891597,0.0,0.0,0.0,0.0,0.0,0.0,0.0,0.0,0.0,0.0,0.3878933997788556,0.0,0.04833745640203381,0.21187721773147225,0.0,0.12372308147219645,0.0,0.0,1.2857385909959607,0.10472536753352354,1.0079946531000463,0.0,0.01713049752339386,0.036064200890273415,0.0,0.0,0.24794145762618655,0.0,0.0,0.0,0.0
17.099999999999987,0.0,0.0,0.0,0.0,0.0,0.0,0.0,0.0,0.57677774846229,5.726873551660716,3.5811225352999294,7.769937546379307,3.1923107637819546,0.03606420989146712,0.029752977435568036,0.0,0.16589539669816153,0.0,2.0430861761645946,0.0,0.8727538457633082,0.0,0.0,0.0,0.0,0.0,0.0,0.0,0.1568793104759208,0.0,0.18011789925360316,0.5139149586942197,0.45746304899427126,0.0,0.0,0.016025746481864205,0.0,2.4867383656287836,0.6860104238577166,0.0,0.0,0.0,0.0,0.0,0.0,0.010819262067409588,0.06581718132592664,0.0,0.0,0.0,0.0
17.199999999999985,0.0,0.0,0.0,0.0,0.0,0.0,0.0,0.0,2.4230313578124947,7.408830569997191,7.659056198917282,5.8932897319311115,0.521199824148299,0.0,0.0,0.0,0.27859600498538983,0.15868250732201528,0.5255870263930434,0.0,0.32097145932982324,0.0,0.0,0.0,0.0,0.0,0.0,0.0,0.5427663662082285,0.0,0.0,0.0,0.0,0.0,0.0,0.0,0.18482907006748273,0.0,0.49683360226188433,0.14847342432585828,0.0,0.0,0.0,0.0,0.0,0.0,1.244754310849315,0.0,0.0,0.0,0.0
17.299999999999983,0.0,0.0,0.0,0.0,0.0,0.0,0.0,0.08655410853850964,0.9128089315182369,0.3202964037211713,0.7111888939571758,0.009016050222805386,0.0,0.0,0.0,0.0,0.06942358701392534,0.0,0.0,0.039670630580031445,1.7238690623926582,0.8439024472484074,0.0,0.0,0.0,0.0,0.0,0.0,1.1224984672349223,3.071558869157589,0.0,0.029752962435182048,0.0,0.0,0.0,0.0,0.18212427330169167,0.0,0.49944015285396315,0.9812271314903795,0.40392992097417846,0.0,0.0,0.0,0.0,0.0,0.7045161811127726,0.0,0.0,0.0,0.0
17.399999999999984,0.0,0.0,0.0,0.0,0.0,0.0,0.05883684870817041,0.5363620210263575,0.679810334397334,0.012622470911190068,0.0,0.0468834509573822,0.0,0.0,0.0,0.0,0.0,0.01532729167894006,0.008114444299934407,3.365157940880729,0.06454823645067417,0.0,0.2600102145904632,0.0,0.0,0.0,0.0,0.018032100445610773,1.9698002902145744,1.3232439450329585,1.2541017048404313,0.013524079834325875,0.06130914571520388,0.0,0.0,0.0,0.2208932739551966,0.04057223050275202,0.0,0.0,0.0,0.0,0.0,0.0,0.0,0.0,1.8951742026159015,0.5256358266852386,0.0,0.007212841378276387,0.0
17.499999999999986,0.0,0.0,0.0,0.0,0.0,0.0,0.11645171251673768,4.41591969645919,0.3827857757514582,1.0349618383681147,0.6609575094322934,0.2684061880102252,0.0,0.013110148239952362,0.0,1.3941056951274688,0.41902237156073485,0.0,0.0,1.0539764531342675,0.0,0.0,0.07899333018403581,0.8934907339678482,0.4082590839549185,0.0731981005417345,0.0,0.0,0.9751393100390761,3.5938628333591347,0.18671296191101236,0.2595698474923953,0.0,0.0,0.0,0.0,0.0,0.0,0.0667187842490917,0.24719302602356477,0.0,0.0,0.0,0.0,0.0,0.0,0.10909424159495763,0.0,0.0,0.0,0.0
17.599999999999984,0.0,0.0,0.0,0.0,0.0,0.06401395448054721,4.36880730254027,4.266490579677587,0.8439180437242696,0.8395014028185641,0.3212868639377484,0.0687941239188862,0.0,0.10139371388849111,0.1812226583789544,0.03426099204632328,0.0,0.04861967087597087,0.176647600838949,0.19745157097739882,0.0,0.0,0.0,0.018032106445771162,0.0,0.0,0.0,0.0,0.8193493005495752,1.7701068794735904,0.6984429302377313,1.4299163630661933,0.8474042978156182,0.232614156949456,0.0,0.0,0.0,0.0,0.0,0.15221804653953502,0.0,0.0,0.0,0.0,0.0,0.29740687833082563,0.15069090804396057,0.0,0.0,0.0,0.0
17.69999999999998,0.0,0.0,0.0,0.0,0.25946418191493054,1.4246132975834738,11.974927947265806,0.42782719076503095,0.5915390115370822,0.49664542628057307,0.0,0.0,0.0,0.06040753979288181,1.0232558938797225,0.03245779220240912,0.0,0.5720934149121726,2.768487936981317,0.0,0.03155618027994663,0.0,0.0,0.0,0.036965818812337396,0.0,0.0,0.0,0.0,0.7402393040632217,4.135199270748729,1.3284087360104775,8.318969068393178,1.1857985767403434,0.21818846818784254,0.0,0.0,0.0,0.0,0.0,0.0,0.0,0.0,0.0,0.0,0.0,0.0,0.0,0.0,0.0,0.0
17.799999999999983,0.0,0.0,0.0,0.0,2.5998028531050097,3.5659471592458836,7.822750432043436,1.0845010057598874,0.2624331702799297,0.48686683202566655,0.0,0.0,0.0,2.3216920651609105,3.6065377580924904,0.6236881816569327,0.1380124445003656,0.0,3.778627390253821,0.0,0.0,0.0,0.02344172397874332,0.21458206249906542,3.6938765655596915,0.0,0.24837966289571442,0.1574826225390186,0.0,0.0,0.03335939812471122,0.018032109445856346,0.3994301891485139,2.0598931825901055,0.0,0.0,0.0,0.0,0.0,0.0,0.0,0.0,0.0,0.0,0.0,0.0,0.0,0.0,0.0,0.0,0.0
17.899999999999984,0.0,0.0,0.0,0.7469900848218672,2.4600355905896474,11.519274926495257,10.931212564927838,2.365577903949313,0.923562416775779,0.0,0.0,2.9455724559428047,0.0,1.9885205860630188,0.446294589523951,1.051661620838757,0.0,2.3653901741851655,0.3594759344757853,5.961011645149334,0.48055559057122843,0.0,0.0,2.3238473591552284,3.0624121252209027,4.323023186624857,3.2633322183965627,3.93789084596972,0.0,0.0,0.0,0.0,6.55048721259556,0.0,0.8411976564824176,0.0,0.0,0.0,0.0,0.0,0.0,0.0,0.0,0.0865541115368782,0.0,0.0,0.0,0.0,0.0,0.0,0.0
17.999999999999982,0.0,0.0,0.0,0.568912883953276,5.626322891619645,9.898701373572067,4.396182938798196,7.399315933102463,1.2648557024895144,0.03516257996853346,0.15778091039770323,1.310004140189354,0.0,5.635155396892886,6.830967496950564,1.7441809586397217,0.0054096385339077735,0.7409577784119046,0.152435664312382,5.5851914773956635,5.2375121922100245,5.308614284623063,0.18035831619941176,0.2644203212819919,4.310116982472712,1.743604551289182,4.7330492179947425,0.5627707321502956,0.4147384002481104,0.0,0.0,0.0,1.6497930935152452,0.6185011796777227,1.4317490345746613,0.16409215185420717,0.0,0.0,0.0,0.0,0.0,0.0,0.0,0.0,0.0,0.0,0.0,0.0,0.0,0.0,0.0
18.09999999999998,0.0,0.0,0.0,0.0,4.594450788977339,2.867104596977091,1.6512886552306572,1.0675352615098288,1.3637586748601656,0.0,2.2630290739060808,0.03335938912220012,0.014425670756241986,0.2957265115057857,0.1947467202130187,0.64642356953502,0.04261463062448533,1.0378879399149548,3.79788339478309,4.78421703835846,2.16712460154535,4.267655154711713,6.506857258920139,1.3797518807068214,3.8769023967769622,3.5030390814752326,1.1493118764250894,0.1821242582982717,2.6739644479901576,1.7178482827110602,0.005565424632516545,1.9781218364686264,1.5839395034020576,0.03712160398010145,0.0,0.0,0.0,0.0,0.0,0.0,0.0,0.0,0.0,0.0,0.0,0.0,0.0,0.0,0.0,0.0,0.0
18.19999999999998,0.0,0.0,0.0,1.46510839069828,3.0435313145862177,11.24210236392605,2.5997838614122344,0.2898518850621643,4.96068941062075,7.16029788706912,1.215687229212741,0.0,0.4201480177809029,0.0,0.7582499536356597,0.26597357607359595,0.0,0.10436837703345068,1.362265635764237,0.15062788981002292,0.0,1.3581811894007294,6.806771610178097,1.1014370918684322,1.8660051907189223,2.2643739552931774,4.492480257515801,4.547657245506618,0.030494501750960006,4.763404680566546,1.0312805939869125,0.04657831518061396,2.5749346021491295,4.859360281845209,0.0,0.03516259196582021,0.0,0.0,0.0,0.0,0.0,0.0,0.0,0.0,0.0,0.0,0.0,0.0,0.0,0.0,0.0
18.299999999999983,0.0,0.0,1.4814276019418142,0.3460660467040236,5.8067317966164165,13.661014497591752,0.5166197824605476,0.10206009053382308,1.3122176489735389,9.712963074688247,0.0,0.0,0.0,0.0,0.2794976019034642,0.12712633303863616,0.0,0.0,0.6203043855255698,0.6176824035130012,2.2718630314206663,0.0,0.008114444300503287,0.23622055663521843,0.803430680588133,1.7409288044186424,10.096050414238636,3.5577752572085832,1.7143324551777892,2.335832659874896,3.4922424245447745,2.3406555523669472,1.7479022337276908,12.230402253786734,2.98974539647388,14.287468972628842,0.007610755542899352,0.0,0.0,0.0,0.0,0.0,0.0,0.0,0.0,0.0,0.0,0.0,0.0,0.0,0.0
18.39999999999998,0.0,0.2002011186530481,0.4646165495018547,1.5243846108322272,1.583458274073269,8.45994102087787,1.2819428052193533,2.6566300487629624,0.4965246371722092,12.856172233654563,0.7249350347950975,0.0,0.0,0.007212841378276387,0.0,1.2676569157104822,0.0,0.0,0.0,0.5282690138099846,3.143166666645617,7.710331961979212,4.9603892874246975,3.5214159594546617,1.2973248070784986,5.5235793104805255,2.3565728196355824,2.2430990327709277,1.7022933853223319,0.8678325691317265,2.6669078199823684,0.4468016719121452,4.931519390363557,15.969745821016263,4.34072624493095,0.2942834450200413,0.0,0.0,0.0,0.0,0.0,0.0,0.0,0.0,0.0,0.0,0.0,0.0,0.0,0.0,0.0
18.49999999999998,0.0,0.24609346787172032,0.8502137547075844,0.07843966723733305,3.157893515543119,7.688915671832406,4.532165073973424,2.733666993340411,0.4760475579596027,1.7241643219427234,0.0,0.0,0.652762228733479,0.5882929507965684,0.0,0.0,0.0,0.0,0.0,0.0,0.7343351485807974,21.404346317557035,10.739092736912657,1.3018339834627246,6.462788924568757,5.16945021059825,2.7717709214011395,13.251149171151653,4.385865612860332,0.7090748869257228,0.8817698509834588,0.805314888787802,1.3033768571094098,2.157015494533882,6.824174445746582,0.5800282575508934,0.0,0.0,0.0,0.0,0.0,0.0,0.0,0.0,0.0,0.0,0.0,0.0,0.0,0.0,0.0
18.59999999999998,0.0,0.0,0.0,0.0,1.0308839929382942,7.285111947808977,1.448879586097363,0.46522828989414877,0.05770273102470407,1.0596676687931075,0.0,0.0,0.3777725904339525,1.371606679144546,0.1291196509594519,0.0,0.0,0.0,0.0,0.022087527020870478,1.4290443068097416,4.926923743991992,13.855340882501451,0.8186575954261177,0.3036728719689863,3.2102654396077996,4.084873339292106,14.950322785814159,12.948055887100637,0.04958826572403366,0.13433916841825916,1.387212930875076,1.6744066334033587,1.6174562848170342,0.4450841355036835,0.8267719227271016,0.0,0.0,0.0,0.0,0.0,0.0,0.0,0.0,0.0,0.0,0.0,0.0,0.0,0.0,0.0
18.69999999999998,0.0,0.0,0.0,0.0,0.30959732130864553,5.071025923529067,0.03763559194258319,0.10819263867425771,1.8547702595243165,1.9222241370660182,0.02254012405698086,0.0,0.0,0.13073448640038787,0.08655410553938256,0.0,0.0,0.0,0.1496664540962903,0.15011909013211083,1.1344451793406136,4.6753248647956305,6.872627580316772,0.0,0.20015634374083172,0.9482121039765411,1.2938051421328174,15.04518212502512,13.917919995390998,1.9118329441536752,0.0,8.239802332681617,1.5346192793157714,0.048184251427158674,0.42014807777598956,0.1460600304087786,0.0,0.0,0.0793412731609725,0.0,0.0,0.0,0.0,0.0,0.0,0.0,0.0,0.0,0.0,0.0,0.0
18.79999999999998,0.0,0.0,0.0,0.0,0.0,0.8258703768077206,0.32187309825132576,0.5148166156169119,0.5303394478407607,0.9795909363302293,0.1325359655737109,0.03786740373446239,0.2707087545069759,0.27138143093469447,0.0,0.0,0.0,0.0,2.536215404362941,0.0,0.446212715086823,9.779830585962863,10.811524872952548,0.8650546638045642,0.0,1.8466059162451032,1.0756133166034132,0.996689173860709,2.5086454595408507,1.4487422453533787,0.28870873530489044,5.535718465348192,0.4445208789245755,3.8842913750851853,1.8697531088706167,0.05139149256922346,0.6012055934054532,0.0,0.0,0.0,0.0,0.0,0.0,0.0,0.0,0.0,0.0,0.0,0.0,0.0,0.0
18.899999999999977,0.0,0.0,0.0,0.0,4.9567280032783865,8.147733534990921,0.09466851983853501,0.6915483006125488,1.1738616593532705,1.6044591169466935,0.4048207890998192,0.027048156667638403,0.13501359551682943,0.29482490258304905,0.0,0.5815353068628141,0.0,0.009016053222890572,0.0,0.0,0.05306134543639557,4.26436764799329,8.79402304043898,4.230736246021834,0.0,4.312934902607778,0.5517823534286561,0.0,1.0614843049166558,1.3522736148475085,0.4327268471656199,1.7833165533781659,0.8257585048204166,0.35072446976552,0.17581300184439583,0.8408070792257767,1.064059252034881,0.0,0.036911795259649514,0.0,0.0,0.0,0.0,0.0,0.0,0.0,0.0,0.0,0.0,0.0,0.0
18.99999999999998,0.0,0.0,0.0,0.7623377471605641,2.803137132444301,6.1973862564451085,0.08450520468883206,0.22832223261286366,0.01893370936799806,0.0,0.0,0.01713049152323347,0.06942361101587428,0.09196372607261956,0.028073565775243326,0.05917005052427288,0.009016050222805386,0.8069367064356596,0.0,0.0,0.01803210344569596,0.2790810018606449,13.268169111091629,1.098861537810798,0.54333206478966,0.9737336280503606,0.040572245503147995,0.21187723573269196,5.119176747858124,1.6682196357122097,0.3560995196589095,0.12915939217951275,1.96465239053186,0.1767146137655209,1.566989838904078,0.14645063766014357,0.2713831126021622,0.5123494210980537,0.12784424926927007,0.0,0.0,0.0,0.0,0.0,0.0,0.0,0.0,0.0,0.0,0.0,0.0
19.09999999999998,0.0,0.0,0.0,0.0,0.0,2.0394309791811005,0.5737567819141408,0.0,0.0,6.182780122589491,3.8234132698163235,0.4264592532344019,0.0,0.0,0.5435441149459097,0.873991332032042,0.013524085834486261,0.07573482547168145,0.24433498593609426,0.0,0.34170838354179217,0.9823217327362,0.27918435280737364,0.03696581881384442,0.3068817169165749,0.0,0.0,0.0,1.543265352652224,3.9891279074874055,0.35556835271975074,0.18730403154033623,0.4618016949981269,0.007160819882001648,1.6571502841332781,0.796027362097326,0.5341466006511323,3.0664863976064023,0.7128345035876977,0.0,0.0,0.0,0.0,0.0,0.0,0.0,0.0,0.0,0.0,0.0,0.0
19.199999999999978,0.0,0.0,0.0,0.0,1.7513435196549678,1.6224690015761687,0.058604345948379516,0.0,11.211460371492393,19.166538953285556,18.19089792929371,0.362445313754061,0.02434333590120581,0.06852198709348027,0.05860434594875877,0.5130132927682476,0.0,0.07573482546978519,0.0,0.0,0.13343760449841716,1.7874777983278085,0.8792391828210964,0.0,0.0006112660401762434,0.07602517735374884,0.4085066450338519,0.09557015576236759,3.1526821832491545,0.629325592279712,7.809751054711855,0.0,0.12417567306446034,0.41338909859332956,1.1682066832025595,1.8359234018902921,4.4620022703856925,4.031386090235889,1.8616268067036748,0.0,0.0,0.0,0.0,0.0,0.0,0.0,0.0,0.0,0.0,0.0,0.0
19.299999999999976,0.0,0.0,0.0,0.0,0.18474961382229102,2.062562423546204,0.0,12.30009964009221,2.110075426355506,0.2130046108363205,5.937296970948158,0.34041538339762945,0.03516259496891945,0.07303002570354968,0.0,0.49989946359118537,1.1960199532108138,0.01713049152285422,0.0,0.0002411693321300868,0.26122435012905887,0.11644388143029616,0.4939428029514034,0.0,0.02524494482378272,0.11179905936377016,0.22171545363505482,0.23622055663558775,0.46301782353477633,1.3388850436911344,0.07794398671432398,0.025244941823897145,0.6825151011632511,0.40211594133554435,1.2397409046710415,0.31504577197993444,0.3750677996681322,5.410618818293829,0.2169238979105677,0.0,0.0,0.0,0.0,0.0,0.0,0.0,0.0,0.0,0.0,0.0,0.0
19.399999999999977,0.0,0.0,0.0,0.0,0.8514620995994142,2.2302262482299624,1.677337866324879,1.7384833049850963,2.1082124240742663,2.702794577276109,11.08836153889379,0.358517622598793,0.3047425587249429,0.04598185403626382,0.11811029481880629,1.8159133262622051,5.576126258808094,1.3750124527323304,0.02975296843476357,0.04508026311320995,0.04508028411452482,0.0,0.045080260114272505,0.0,0.0,0.19384512628818298,0.076636434392921,0.2785960379811372,0.2858087923580908,0.2831040405940267,0.0,0.09557015276058577,0.1045862089846993,0.07303002270516114,0.384050068347431,0.7446655420407488,2.2782063802228882,7.065097591889613,0.0,0.0,0.0,0.0,0.0,0.0,0.0,0.0,0.0,0.0,0.0,0.0,0.0
19.49999999999998,0.0,0.0,0.0,0.0,1.2465794830892392,0.4563401890586189,4.334670039714536,12.654453172702063,7.542220970802711,2.669241113784196,3.262890155882189,0.29996824732643856,0.2569574718476703,0.0,0.026384386715299562,3.0809004298053084,3.978208664291502,0.035585865939044836,0.0,0.009016056222965774,0.11991349766355416,0.3912966852633348,0.0,0.0,0.0,0.0,0.2930217207373106,0.16769855454341812,0.0,0.0,0.0,0.0,0.0,0.0,0.27985191369582657,0.504461131382431,5.685636269455929,5.9031957901207095,3.9053402368278385,0.0,0.0,0.0,0.0,0.0,0.0,0.0,0.0,0.0,0.0,0.0,0.0
19.599999999999977,0.0,0.0,0.0,0.0,0.0,0.05409631033461275,2.801121629336076,7.222789529620139,1.6612881219079305,0.7643246703215957,0.0,0.0,0.0,0.0,0.07025604320866091,0.6062429170973332,4.154621495331794,0.8394589758927888,0.31788773998398623,0.1009797852928461,0.06933357447338687,0.08811548069944536,0.00028486287390161105,0.0,0.0,0.0,0.0,0.0,0.06581716932657397,0.04688347495782414,0.08745571746089693,0.0,0.0,0.0,0.0,0.15218279148137207,0.2398269683231679,0.0,0.0,0.0,0.0,0.0,0.0,0.0,0.0,0.0,0.0,0.0,0.0,0.0,0.0
19.699999999999974,0.0,0.0,0.0,0.0,0.0,0.0,0.8775138993699754,0.35668693680930574,0.0,0.0,0.0,0.0,0.14335522764301672,0.0,0.4154467122837667,2.7773167029840464,0.7725072314735179,0.0,1.0498473731022917,0.18080339192298656,0.3559836150571636,0.6437460705078265,0.31708017876328254,0.0,0.007212841378276387,0.0,0.09557016175968358,0.0,0.01893371536815845,0.07934126116120066,0.0,0.0,0.0,0.0,0.0,0.0,0.0,0.0,0.0,0.0,0.0,0.0,0.0,0.0,0.0,0.0,0.0,0.0,0.0,0.0,0.0
19.799999999999976,0.0,0.0,0.0,0.0,0.0,0.0,0.0,0.0,0.0,0.0,0.0,0.0,0.0,0.0,0.0,0.0,0.0,0.0,0.5085053531628957,0.07934126716004364,1.2314479225840305,0.7251408547454344,0.24884301254622213,0.0,0.0,0.0,0.0,0.0,0.0,0.5559148872265373,0.1958438077185098,0.0,0.0,0.0,0.0,0.0,0.0,0.0,0.0,0.0,0.0,0.0,0.0,0.0,0.0,0.0,0.0,0.0,0.0,0.0,0.0
19.899999999999977,0.0,0.0,0.0,0.0,0.0,0.0,0.0,0.0,0.0,0.0,0.0,0.0,0.0,0.0,0.0,0.0,0.0,0.0,0.0,0.22564249430272373,0.20356661799450462,0.1697150555508468,0.4414228124597701,0.07303003470491302,0.0,0.0,0.0,0.0,0.0,0.11307619709799895,2.325044349961778,0.02614655374578077,0.0,0.0,0.0,0.0,0.0,0.0,0.0,0.0,0.0,0.0,0.0,0.0,0.0,0.0,0.0,0.0,0.0,0.0,0.0
19.999999999999975,0.0,0.0,0.0,0.0,0.0,0.0,0.0,0.0,0.0,0.0,0.0,0.0,0.0,0.0,0.0,0.0,0.0,0.0,0.011720867989721674,0.1686001574660343,0.07212840178245308,0.4899509475000403,0.47476659133691684,0.035119582730642536,0.0,0.0,0.0,0.0,0.08597624041929852,0.15495250488251364,0.0,0.0,0.0,0.0,0.0,0.0,0.0,0.0,0.0,0.0,0.0,0.0,0.0,0.0,0.0,0.0,0.0,0.0,0.0,0.0,0.0
20.099999999999973,0.0,0.0,0.0,0.0,0.0,0.0,0.0,0.0,0.0,0.0,0.0,0.0,0.0,0.0,0.0,0.0,0.0,0.0,0.0,0.0,0.0,0.12051973755914586,0.37465416330420814,0.553435955974863,0.17671462876762353,0.03876903665786049,0.0,0.0,0.20561299613105055,0.024096162992758848,0.0,0.0,0.0,0.0,0.0,0.0,0.0,0.0,0.0,0.0,0.0,0.0,0.0,0.0,0.0,0.0,0.0,0.0,0.0,0.0,0.0
20.199999999999974,0.0,0.0,0.0,0.0,0.0,0.0,0.0,0.0,0.0,0.0,0.0,0.0,0.0,0.0,0.0,0.0,0.0,0.0,0.0,0.0,0.0,2.5914768984602516,0.515061452795512,0.07398213347971248,0.03065458035780492,0.0,0.0,0.17851781961053365,0.1640921578528306,0.0,0.0,0.0,0.0,0.0,0.0,0.0,0.0,0.0,0.0,0.0,0.0,0.0,0.0,0.0,0.0,0.0,0.0,0.0,0.0,0.0,0.0
20.299999999999976,0.0,0.0,0.0,0.0,0.0,0.0,0.0,0.0,0.0,0.0,0.0,0.0,0.0,0.0,0.0,0.0,0.0,0.0,0.0,0.0,0.02996413043998602,0.9003418432655725,0.0,0.0,0.7465291186454575,0.0,0.8664425983000172,0.0,0.028851365513105548,0.0,0.0,0.0,0.0,0.0,0.0,0.0,0.0,0.0,0.0,0.0,0.0,0.0,0.0,0.0,0.0,0.0,0.0,0.0,0.0,0.0,0.0
