ymin,97.7,97.8,97.89999999999999,97.99999999999999,98.09999999999998,98.19999999999997,98.29999999999997,98.39999999999996,98.49999999999996,98.59999999999995,98.69999999999995,98.79999999999994,98.89999999999993,98.99999999999993,99.09999999999992,99.19999999999992,99.29999999999991,99.3999999999999,99.4999999999999,99.5999999999999,99.69999999999989,99.79999999999988,99.89999999999988,99.99999999999987,100.09999999999987,100.19999999999986,100.29999999999986,100.39999999999985,100.49999999999984,100.59999999999984,100.69999999999983,100.79999999999983,100.89999999999982,100.99999999999982,101.09999999999981,101.1999999999998,101.2999999999998,101.39999999999979,101.49999999999979,101.59999999999978,101.69999999999978,101.79999999999977,101.89999999999976,101.99999999999976,102.09999999999975,102.19999999999975,102.29999999999974,102.39999999999974,102.49999999999973,102.59999999999972,102.69999999999972,102.79999999999971,102.89999999999971,102.9999999999997,103.0999999999997,103.19999999999969,103.29999999999968,103.39999999999968,103.49999999999967,103.59999999999967,103.69999999999966,103.79999999999966,103.89999999999965,103.99999999999964,104.09999999999964,104.19999999999963,104.29999999999963,104.39999999999962,104.49999999999962,104.59999999999961,104.6999999999996,104.7999999999996,104.8999999999996,104.99999999999959,105.09999999999958,105.19999999999958,105.29999999999957,105.39999999999957,105.49999999999956
12.0,0.0,0.0,0.0,0.0,0.0,0.0,0.0,0.0,0.0,0.0,0.0,0.0,0.0,0.0,0.0,0.0,0.0,0.0,0.0,0.0,0.1479652947076674,0.0,0.0,0.0,0.0,0.0,0.0,0.0,0.0,0.0,0.0,0.0,0.0,0.0,0.0,0.0,0.0,0.0,0.0,0.0,0.0,0.0,0.0,0.0,0.0,0.0,0.0,0.0,0.0,0.0,0.0,0.0,0.0,0.0,0.0,0.0,0.0,0.0,0.0,0.0,0.0,0.0,0.0,0.0,0.0,0.0,0.0,0.0,0.0,0.0,0.0,0.0,0.0,0.0,0.0,0.0,0.0,0.0,0.0
12.1,0.0,0.0,0.0,0.0,0.0,0.0,0.0,0.0,0.0,0.0,0.0,0.0,0.0,0.0,0.0,0.0,0.0,0.0,0.0,0.009016050222805386,0.0,0.0,0.0,0.0,0.0,0.0,0.0,0.0,0.0,0.0,0.0,0.0,0.0,0.0,0.0,0.0,0.0,0.0,0.0,0.0,0.0,0.0,0.0,0.0,0.0,0.0,0.0,0.0,0.0,0.0,0.0,0.0,0.0,0.0,0.0,0.0,0.0,0.0,0.0,0.0,0.0,0.0,0.0,0.0,0.0,0.0,0.0,0.0,0.0,0.0,0.0,0.0,0.0,0.0,0.0,0.0,0.0,0.0,0.0
12.2,0.0,0.0,0.0,0.0,0.0,0.0,0.0,0.0,0.0,0.0,0.0,0.0,0.0,0.0,0.0,0.0,0.0,0.0,0.0,0.0,0.0919637380733096,0.0,0.0,0.0,0.0,0.0,0.0,0.0,0.0,0.0,0.0,0.0,0.0,0.0,0.0,0.0,0.0,0.0,0.0,0.0,0.0,0.0,0.0,0.0,0.0,0.0,0.0,0.0,0.0,0.0,0.0,0.0,0.0,0.0,0.0,0.0,0.0,0.0,0.0,0.0,0.0,0.0,0.0,0.0,0.0,0.0,0.0,0.0,0.0,0.0,0.0,0.0,0.0,0.0,0.0,0.0,0.0,0.0,0.0
12.299999999999999,0.0,0.0,0.0,0.0,0.0,0.0,0.0,0.0,0.0,0.0,0.0,0.0,0.0,0.0,0.0,0.0,0.0,0.0,0.0,0.0,0.0,0.0,0.0,0.0,0.0,0.0,0.0,0.0,0.0,0.0,0.0,0.0,0.0,0.0,0.0,0.0,0.0,0.0,0.0,0.0,0.0,0.0,0.0,0.0,0.0,0.0,0.0,0.0,0.0,0.0,0.0,0.0,0.0,0.0,0.0,0.0,0.0,0.0,0.0,0.0,0.0,0.0,0.0,0.0,0.0,0.0,0.0,0.0,0.0,0.0,0.0,0.0,0.0,0.0,0.0,0.0,0.0,0.0,0.0
12.399999999999999,0.0,0.0,0.0,0.0,0.0,0.0,0.0,0.0,0.0,0.0,0.0,0.0,0.0,0.0,0.0,0.0,0.0,0.0,0.0,0.2506462273889953,0.039551552156239476,0.6620390790303069,0.0,0.0,0.0,0.0,0.0,0.0,0.0,0.0,0.0,0.0,0.0,0.0,0.0,0.0,0.0,0.0,0.0,0.0,0.0,0.0,0.0,0.0,0.0,0.0,0.0,0.0,0.0,0.0,0.0,0.0,0.0,0.0,0.0,0.0,0.0,0.0,0.0,0.0,0.0,0.0,0.0,0.0,0.0,0.0,0.0,0.0,0.0,0.0,0.0,0.0,0.0,0.0,0.0,0.0,0.0,0.0,0.0
12.499999999999998,0.0,0.0,0.0,0.0,0.0,0.0,0.0,0.0,0.0,0.0,0.0,0.0,0.0,0.0,0.0,0.0,0.0,0.0,0.0,0.0,0.22128178766013662,0.6603463716678456,0.0,0.0,0.0,0.0,0.0,0.0,0.0,0.0,0.0,0.0,0.0,0.0,0.0,0.0,0.0,0.0,0.0,0.0,0.0,0.0,0.0,0.0,0.0,0.0,0.0,0.0,0.0,0.0,0.0,0.0,0.0,0.0,0.0,0.0,0.0,0.0,0.0,0.0,0.0,0.0,0.0,0.0,0.0,0.0,0.0,0.0,0.0,0.0,0.0,0.0,0.0,0.0,0.0,0.0,0.0,0.0,0.0
12.599999999999998,0.0,0.0,0.0,0.0,0.0,0.0,0.0,0.0,0.0,0.0,0.0,0.0,0.0,0.0,0.0,0.0,0.0,0.0,0.0,0.0,0.0,0.01803210344569596,0.0,0.0,0.0,0.0,0.0,0.0,0.0,0.0,0.0,0.0,0.0,0.0,0.0,0.0,0.0,0.0,0.0,0.0,0.0,0.0,0.0,0.0,0.0,0.0,0.0,0.0,0.0,0.0,0.0,0.0,0.0,0.0,0.0,0.0,0.0,0.0,0.0,0.0,0.0,0.0,0.0,0.0,0.0,0.0,0.0,0.0,0.0,0.0,0.0,0.0,0.0,0.0,0.0,0.0,0.0,0.0,0.0
12.699999999999998,0.0,0.0,0.0,0.0,0.0,0.0,0.0,0.0,0.0,0.0,0.0,0.0,0.0,0.0,0.0,0.0,0.0,0.0,0.06311236355788258,0.22656475260054706,0.08475087869456203,0.6166979438328363,0.0,0.0,0.0,0.0,0.0,0.0,0.0,0.0,0.0,0.0,0.0,0.0,0.0,0.0,0.0,0.0,0.0,0.0,0.0,0.0,0.0,0.0,0.0,0.0,0.0,0.0,0.0,0.0,0.0,0.0,0.0,0.0,0.0,0.0,0.0,0.0,0.0,0.0,0.0,0.0,0.0,0.0,0.0,0.0,0.0,0.0,0.0,0.0,0.0,0.0,0.0,0.0,0.0,0.0,0.0,0.0,0.0
12.799999999999997,0.0,0.0,0.0,0.0,0.0,0.0,0.0,0.0,0.0,0.0,0.0,0.0,0.0,0.0,0.0,0.0,0.0,0.0,0.0,1.2971480290422697,0.1758130318451878,0.0,0.0,0.0,0.0,0.0,0.0,0.0,0.0,0.0,0.0,0.0,0.0,0.0,0.0,0.0,0.0,0.0,0.0,0.0,0.0,0.0,0.0,0.0,0.0,0.0,0.0,0.0,0.0,0.0,0.0,0.0,0.0,0.0,0.0,0.0,0.0,0.0,0.0,0.0,0.0,0.0,0.0,0.0,0.0,0.0,0.0,0.0,0.0,0.0,0.0,0.0,0.0,0.0,0.0,0.0,0.0,0.0,0.0
12.899999999999997,0.0,0.0,0.0,0.0,0.0,0.0,0.0,0.0,0.0,0.0,0.0,0.0,0.0,0.0,0.0,0.0,0.0,0.0,0.0,4.683769378357746,0.20221206566251135,0.0,0.0,0.0,0.0,0.0,0.0,0.0,0.0,0.0,0.0,0.0,0.0,0.0,0.0,0.0,0.0,0.0,0.0,0.0,0.0,0.0,0.0,0.0,0.0,0.0,0.0,0.0,0.0,0.0,0.0,0.0,0.0,0.0,0.0,0.0,0.0,0.0,0.0,0.0,0.0,0.0,0.0,0.0,0.0,0.0,0.0,0.0,0.0,0.0,0.0,0.0,0.0,0.0,0.0,0.0,0.0,0.0,0.0
12.999999999999996,0.0,0.0,0.0,0.0,0.0,0.0,0.0,0.0,0.0,0.0,0.0,0.0,0.0,0.0,0.0,0.0,0.0,0.0,0.0,1.7339828433508093,0.9381466045267743,0.0,0.0,0.0,0.0,0.0,0.0,0.0,0.0,0.0,0.0,0.0,0.0,0.0,0.0,0.0,0.0,0.0,0.0,0.0,0.0,0.0,0.0,0.0,0.0,0.0,0.0,0.0,0.0,0.0,0.0,0.0,0.0,0.0,0.0,0.0,0.0,0.0,0.0,0.0,0.0,0.0,0.0,0.0,0.0,0.0,0.0,0.0,0.0,0.0,0.0,0.0,0.0,0.0,0.0,0.0,0.0,0.0,0.0
13.099999999999996,0.0,0.0,0.0,0.0,0.0,0.0,0.0,0.0,0.0,0.0,0.0,0.0,0.0,0.0,0.0,0.0,0.0,0.0,0.0,2.26667952936728,2.4809270105879673,0.0,0.0,0.0,0.0,0.0,0.0,0.0,0.0,0.0,0.0,0.0,0.0,0.0,0.0,0.0,0.0,0.0,0.0,0.0,0.0,0.0,0.0,0.0,0.0,0.0,0.0,0.0,0.0,0.0,0.0,0.0,0.0,0.0,0.0,0.0,0.0,0.0,0.0,0.0,0.0,0.0,0.0,0.0,0.0,0.0,0.0,0.0,0.0,0.0,0.0,0.0,0.0,0.0,0.0,0.0,0.0,0.0,0.0
13.199999999999996,0.0,0.0,0.0,0.0,0.0,0.0,0.0,0.0,0.0,0.0,0.0,0.0,0.0,0.0,0.0,0.0,0.0,0.0,0.009258551258280727,1.146187696970318,2.5759929851309384,0.0,0.0,0.0,0.0,0.0,0.0,0.0,0.0,0.0,0.0,0.0,0.0,0.0,0.0,0.010819259066386255,0.0,0.0,0.0,0.0,0.0,0.0,0.0,0.0,0.0,0.0,0.0,0.0,0.0,0.0,0.0,0.0,0.0,0.0,0.0,0.0,0.0,0.0,0.0,0.0,0.0,0.0,0.0,0.0,0.0,0.0,0.0,0.0,0.0,0.0,0.0,0.0,0.0,0.0,0.0,0.0,0.0,0.0,0.0
13.299999999999995,0.0,0.0,0.0,0.0,0.0,0.0,0.0,0.0,0.0,0.0,0.0,0.0,0.0,0.0,0.0,0.0,0.0,0.0,0.0,2.0842063785723943,0.0,0.0,0.0,0.0,0.0,0.0,0.0,0.0,0.0,0.0,0.0,0.0,0.0,0.0,0.0,0.0,0.0,0.0,0.0,0.0,0.0,0.0,0.0,0.0,0.0,0.054997919258137795,0.008114444300503287,0.0,0.0,0.0,0.0,0.0,0.0,0.0,0.0,0.0,0.0,0.0,0.0,0.0,0.0,0.0,0.0,0.0,0.0,0.0,0.0,0.0,0.0,0.0,0.0,0.0,0.0,0.0,0.0,0.0,0.0,0.0,0.0
13.399999999999995,0.0,0.0,0.0,0.0,0.0,0.0,0.0,0.0,0.0,0.0,0.0,0.0,0.0,0.0,0.0,0.09106212314850637,0.0964717526844441,0.0,0.0,0.0,0.0,0.0,0.0,0.0,0.0,0.0,0.0,0.0,0.0,0.0,0.0,0.0,0.0,0.0,0.0,0.0,0.0,0.0,0.0,0.0,0.0,0.0,0.0,0.0,0.0,0.010949514333450275,0.0007713446560358108,0.0,0.0,0.0,0.0,0.0,0.0,0.0,0.0,0.0,0.0,0.0,0.0,0.0,0.0,0.0,0.0,0.0,0.0,0.0,0.0,0.0,0.0,0.0,0.0,0.0,0.0,0.0,0.0,0.0,0.0,0.0,0.0
13.499999999999995,0.0,0.0,0.0,0.0,0.0,0.0,0.0,0.0,0.0,0.0,0.0,0.0,0.0,0.0,0.0,0.033359392124550837,0.07122681985965477,0.24300116858675788,0.0,0.9962737641122034,0.0,0.0,0.0,0.0,0.0,0.0,0.0,0.0,0.0,0.0,0.0,0.0,0.0,0.0,0.020736921211664115,0.0,0.0,0.19023871460119166,0.0,0.0,0.0,0.0,0.0,0.0,0.0,0.0,0.0,0.0,0.0,0.0,0.0,0.0,0.0,0.0,0.0,0.0,0.0,0.0,0.0,0.0,0.0,0.0,0.0,0.0,0.0,0.0,0.0,0.0,0.0,0.0,0.0,0.0,0.0,0.0,0.0,0.0,0.0,0.0,0.0
13.599999999999994,0.0,0.0,0.0,0.0,0.0,0.0,0.0,0.0,0.0,0.0,0.0,0.0,0.0,0.0,0.0,0.0,0.0,0.05776307605684745,0.04147384542434158,0.06671878724803912,0.0,0.0,0.0,0.0,0.0,0.0,0.0,0.0,0.0,0.0,0.0,0.0,0.0,0.0,0.0,0.0,0.0,0.0,0.0,0.0,0.0,0.0,0.02577464834702795,0.014425679756477574,0.0,0.0,0.0,0.0,0.08204608792609697,0.0,0.0,0.0,0.0,0.0,0.0,0.0,0.0,0.0,0.0,0.0,0.0,0.0,0.0,0.0,0.0,0.0,0.0,0.0,0.0,0.0,0.0,0.0,0.0,0.0,0.0,0.0,0.0,0.0,0.0
13.699999999999994,0.0,0.0,0.0,0.0,0.0,0.0,0.0,0.0,0.0,0.0,0.0,0.0,0.0,0.0,0.5952992877254797,0.6164581268087976,0.029752968434204673,0.29159039929352837,0.0,0.03696580981096404,0.0,0.0,0.0,0.0,0.0,0.0,0.0,0.0,0.0,0.0,0.0,0.0,0.0,0.0,0.0,0.03967061858029952,0.0,0.12802794796344938,0.0,0.0,0.0,0.0,0.003076726166323177,0.0,0.0,0.16154643003044483,0.0,0.0,0.015327294678636008,0.00991766814542826,0.0,0.0,0.0,0.0,0.0,0.0,0.0,0.0,0.0,0.0,0.0,0.0,0.0,0.0,0.0,0.0,0.0,0.0,0.0,0.0,0.0,0.0,0.0,0.0,0.0,0.0,0.0,0.0,0.0
13.799999999999994,0.0,0.0,0.0,0.0,0.0,0.0,0.0,0.0,0.0,0.0,0.0,0.0,0.0,0.0,0.3498228188428084,0.21686625770724577,0.01935429592903523,0.6581717862595977,0.08528191692265613,0.12351988835246433,0.0,0.0,0.0,0.0,0.0,0.0,0.0,0.0,0.0,0.0,0.0,0.0,0.0,0.0,0.0,0.0,0.0,0.0,0.0,0.0,0.0,0.0,0.0,0.0,0.056938938200492215,0.715577641245791,0.009917662145267875,1.8163566418094859,1.4555687631381056,0.0,0.0,0.0,0.0,0.0,0.0,0.0,0.0,0.0,0.0,0.0,0.0,0.0,0.0,0.0,0.0,0.0,0.0,0.0,0.0,0.0,0.0,0.0,0.0,0.0,0.0,0.0,0.0,0.0,0.0
13.899999999999993,0.0,0.0,0.0,0.0,0.0,0.0,0.0,0.0,0.0,0.0,0.0,0.0,0.0,0.11811030081780896,0.05680113110256236,0.10091996110593092,0.1131881200644709,0.0,0.03192675397297766,0.0,0.0,0.0,0.0,0.0,0.0,0.0,0.0,0.0,0.0,0.0,0.0,0.0,0.0,0.0,0.0,0.0,0.0,0.0,0.0,0.0,0.0,0.0,0.0,0.0,0.0,0.0,0.018032097445535574,0.0,0.02794976259031975,0.2064675581994733,0.0,0.0,0.0,0.0,0.0,0.0,0.0,0.0,0.0,0.0,0.0,0.0,0.0,0.0,0.0,0.0,0.0,0.0,0.0,0.0,0.0,0.0,0.0,0.0,0.0,0.0,0.0,0.0,0.0
13.999999999999993,0.0,0.0,0.0,0.0,0.0,0.0,0.0,0.0,0.0,0.0,0.0,0.0,0.10662788815100269,1.944154690037313,0.27467811509579,4.8228087435110165,0.13210832598633324,0.0,0.054997913259304795,0.0,0.0,0.0,0.0,0.0,0.0,0.0,0.0,0.0,0.0,0.0,0.0,0.0,0.0,0.4156399971713041,0.05460268308513013,0.013017719086594414,0.0,0.0,0.0,0.0,0.0,0.0,0.0,0.0,0.0,0.0,0.0,0.0,0.0,0.0,0.0739316226256062,0.0,0.0,0.0,0.0,0.0,0.0,0.0,0.0,0.0,0.0,0.0,0.0,0.0,0.0,0.0,0.0,0.0,0.0,0.0,0.0,0.0,0.0,0.0,0.0,0.0,0.0,0.0,0.0
14.099999999999993,0.0,0.0,0.0,0.0,0.0,0.0,0.0,0.0,0.0,0.0,0.0,0.0,4.552507439108307,2.43329368266772,3.763738764294845,2.261006020789299,0.32818428870650135,0.7072212494939073,0.5559276486194479,0.0,0.0,0.0,0.0,0.0,0.0,0.0,0.0,0.0,0.0,0.0,0.0,0.0,0.0,0.0,0.0,0.0,0.0,0.0,0.0,0.0,0.0,0.0,0.0,0.0,0.0,0.0,0.0,0.0,0.0,0.5148165706159333,0.0,0.0,0.0,0.0,0.0,0.0,0.0,0.0,0.0,0.0,0.0,0.0,0.0,0.0,0.0,0.0,0.0,0.0,0.0,0.0,0.0,0.0,0.0,0.0,0.0,0.0,0.0,0.0,0.0
14.199999999999992,0.0,0.0,0.0,0.0,0.0,0.0,0.0,0.0,0.0,0.0,0.0,0.6607382855682099,3.5428242291087853,1.932654715496656,1.7150968922578913,0.4589566986544995,0.7055509849598713,7.399337992305208,0.0,0.0,0.0,0.0,0.0,0.0,0.0,0.0,0.0,0.0,0.0,0.0,0.0,0.0,0.0,0.0,0.0,0.0,0.0,0.0,0.0,0.0,0.0,0.0,0.0,0.0,0.0,0.0,0.0,0.0,0.0,0.0,0.0,0.0,0.0,0.0,0.0,0.0,0.0,0.0,0.0,0.0,0.0,0.0,0.0,0.0,0.0,0.0,0.0,0.0,0.0,0.0,0.0,0.0,0.0,0.0,0.0,0.0,0.0,0.0,0.0
14.299999999999992,0.0,0.0,0.0,0.0,0.0,0.0,0.0,0.0,0.0,0.0,0.0,0.1794194405334313,0.062210748636482655,0.0,0.0,0.0,0.49274543475141686,1.7239418221872387,0.0,0.0,0.0,0.009917659145192673,0.0,0.0,0.0,0.0,0.0,0.0,0.0,0.0,0.0,0.0,0.0,0.0,0.0,0.0,0.0,0.0,0.0,0.0,0.0,0.0,0.0,0.0,0.0,0.16732820936184148,8.55566915495605,0.0,0.0,0.09737337960675366,0.0,0.0,0.0,0.01893370636792286,0.3137585969525474,0.04508024211381132,0.0,0.0,0.0,0.0,0.0,0.0,0.0,0.0,0.0,0.0,0.0,0.0,0.0,0.0,0.0,0.0,0.0,0.0,0.0,0.0,0.0,0.0,0.0
14.399999999999991,0.0,0.0,0.0,0.0,0.0,0.0,0.0,0.0,0.0,0.0,0.0,0.6130915741456304,0.0,0.0,0.010819265067115521,0.0,1.0608906517256729,1.19943363141955,0.33810196585519914,0.0,0.16228894900733346,0.0849556041811714,0.09850619653699183,0.0,0.0,0.0,0.0,0.0,0.0,0.0,0.0,0.0,0.0,0.0,0.0,0.0,0.0,0.0,0.0,0.0,0.008114453300738874,0.0,0.0,0.0,0.09286533799451317,0.006311241456134673,0.26510492884052994,0.0,0.0,0.0,0.41023035863322493,0.0,2.03102501054379,0.09225527141714791,0.0,0.0,0.0,0.0,0.00901605322251132,0.0,0.0,0.054997913259304795,0.0,0.0,0.0,0.0,0.05319471041493619,0.0,0.061373076848130446,0.13968486981871073,0.037867403735031266,0.1631905369322084,0.12261831542894354,0.0,0.0,0.04508023611364095,0.0,0.0,0.0
14.499999999999991,0.0,0.0,0.0,0.0,0.0,0.0,0.0,0.0,0.1271263300404572,3.0160129164306104,0.6950661266157248,0.28047071629149095,0.018933706367912875,0.0,0.029752977434629888,0.0,0.847508915944842,0.009917662145267875,1.3601299454285918,0.21909007111535903,0.4129352154051509,1.4069106692961697,0.00637033432797735,0.0,0.0,0.0,0.0,0.0,0.0,0.0,0.0,0.0,0.0,0.025244944823972347,0.01622890360140255,0.0,0.06852199309363068,0.027949762590888633,0.29031692697331135,0.0,0.044178663189361596,0.0,0.09647176168335231,0.03245778320216355,0.0,0.11360225620798839,0.017130509523704648,0.0,0.0,0.0,0.0,0.0,0.0,0.0,0.0,0.0,0.0,0.0,0.0,0.0,0.036064197890397824,0.0,0.0,0.0,0.0,0.009016056222965774,0.01622889460116696,0.0,0.0,0.0,0.0,0.0,0.0,0.008114450300274436,0.0,0.01442568575663796,0.0,0.0,0.0
14.59999999999999,0.0,0.0,0.0,0.0,0.0,0.0,0.0,0.0,0.9225852507315688,1.6738942379982606,0.0,0.03426100404644445,0.0,0.0,0.01262247991218416,0.0,0.929554940862673,0.06040755179150593,3.4162759989240907,1.1873241252203302,0.0,0.0,0.009917656144348983,0.0,0.0,0.0,0.0,0.0,0.0,0.0,0.009016044222654984,0.0,0.0,0.0,0.0,0.0,0.01983531529030016,0.010819265067494773,0.0,0.009917653145032287,0.05048988964794469,0.030654574357634547,0.0,0.0,0.0,0.0,0.0,0.0,0.0,0.0,0.0,0.0,0.0,0.0,0.0,0.0,0.0,0.0,0.0,0.0,0.0,0.0,0.0,0.0,0.0,0.0,0.0,0.0,0.0,0.0,0.0,0.035042563776978154,0.0,0.27679282613916767,0.0,0.0,0.0,0.0,0.0
14.69999999999999,0.0,0.0,0.0,0.0,0.0,0.0,0.0,0.008114453300738874,0.007212841378276387,2.135902740869393,0.0,0.032457771201862745,0.0,0.023441741979603734,0.0,0.06130915771418728,0.07473716567676976,0.6433281987512697,0.575470872979451,0.8877389019736458,0.0,0.0,0.0,0.0,0.0,0.0,0.0,0.0,0.0,0.080242864081162,0.07122680186032135,0.0,0.0,0.04147383942418119,0.0,0.0,0.03786743973655248,0.046883477958847466,0.03696582481267743,0.0,0.40958300905301775,0.7156203149430215,0.20917237596904437,0.02344172997928296,0.0,0.0,0.0,0.0,0.0,0.0,0.0,0.0,0.0,0.0,0.0,0.0,0.0,0.0,0.0,0.0,0.0,0.0,0.0,0.0,0.0,0.0,0.0,0.014425691756788362,0.009284559978192393,0.0,0.0,1.4372786622990181,0.0,0.0,0.007212847378436774,0.0,0.0,0.02344171797897217,0.0
14.79999999999999,0.0,0.0,0.0,0.0,0.0,0.0,0.0,0.0,0.016228897600483655,4.300355399179109,0.0,0.19835314690002676,0.0,0.0,0.0,1.1154663040489796,0.5823523784715502,0.15868253731960355,0.1911402965213152,0.0,0.0,0.0,0.0,0.0,0.0,0.0,0.0,0.0,0.0,0.018933700367762474,0.020736927212762647,0.005947332290944859,0.0,0.012225897453601121,0.009412632681388429,0.0,0.0,0.12081510658498333,0.1226183334309416,0.9378432918626379,0.1365281653491342,0.19165612035233173,0.13253598657614357,0.0,0.0,0.0,0.0,0.0,0.0,0.0,0.0,0.0,0.0,0.0,0.0,0.0,0.0,0.0,0.0,0.0,0.0,0.0,0.0,0.0,0.0,0.0,0.0,0.0,0.0006330871666795084,0.0,0.0,0.0,0.0,0.0,0.0,0.0,0.0,0.006734043607307937,0.0040852214601868365
14.89999999999999,0.0,0.0,0.0,0.0,0.0,0.0,0.0,0.0,0.0,0.5719192127996132,0.503095720627631,0.6864783851099897,0.5261806863574394,0.0,0.0,0.0,0.8402831034442166,0.15687931347677447,0.0,0.02902649081049431,0.0,0.0802428700811228,0.033727155696403804,0.006845080806498619,0.0,0.0,0.0,0.0,0.0,0.07473919084409779,0.4965022760595554,0.13801334774893212,0.5439640716539796,0.0,0.0,0.47063791043042963,0.014425679756477574,0.0,0.06852199309174437,0.19998255104451715,0.0,0.015327285678779674,0.0,0.0,0.0,0.0,0.018933706366405848,0.0,0.0,0.0,0.0,0.0,0.0,0.0,0.0,0.0,0.0,0.0,0.0,0.0,0.0,0.0,0.0,0.0,0.0,0.0,0.0,0.0,0.0,0.0,0.0,0.0,0.0,0.0,0.0,0.0,0.0,0.045981872034838736,0.0
14.99999999999999,0.0,0.0,0.0,0.0,0.0,0.0,0.0,0.0,0.0,0.0,0.0,0.0,0.0,0.0,0.0,0.0,0.25516726411675117,0.03786742773566283,0.0,0.014250551457875855,0.12983112980859896,0.6635814277990699,0.12081509158422805,0.0,0.0,0.0,0.0,0.0,0.0,0.07312407240777542,0.5087875532808095,2.0592570897808398,1.884364235239184,0.015327285678779674,0.007212844378351588,0.2299093331793653,0.33629873000747834,0.20827079704669058,0.024343341901745447,0.31916825348708605,0.3813790231244844,0.0,0.0,0.0,0.0,0.0,0.14515843948782053,0.0,0.0,0.0,0.0,0.0,0.0,0.0,0.0,0.0,0.0,0.0,0.0,0.0,0.0,0.0,0.0,0.0,0.0,0.0,0.0,0.0,0.0,0.0,0.0,0.0,0.17310819607456668,0.01532729167894006,0.0,0.0,0.0,0.3840838198902953,0.0
15.099999999999989,0.0,0.0,0.0,0.0,0.0,0.0,0.022540139057376833,0.0,0.022540133056837195,0.0,0.0,0.0,0.0,0.0,0.0,0.036965827814089997,0.0,0.12442148227163118,0.0,0.016228888601006575,0.006311241456134673,0.018032106445771162,0.0,0.0,0.0,0.0,0.0,0.0,0.08655410253891814,0.1992547528212111,4.410946316275783,0.10668955746747937,0.24974464547204545,0.5162578903570243,0.030654598358276094,0.1489924189871152,0.08903134349557108,0.0,0.0,0.1514696689430756,0.010819265066736269,0.20646758220180148,0.011898670801281376,0.08925890830438589,0.0,0.0,0.0,0.0,0.0,0.0,0.0,0.0,0.0,0.009016056222396896,0.018032112445552296,0.02254013605729165,0.0,0.0,0.0,0.0,0.0,0.0,0.0,0.0,0.0,0.0,0.5337502469887534,0.0,0.0,0.0,0.0,0.0,0.0,0.0,0.0,0.0,0.0,0.04688345995724852,0.0
15.199999999999989,0.0,0.0,0.0,0.0,0.0,0.0,0.0,0.0,0.0,0.0,0.0,0.0,0.0,0.0,0.0,0.0,0.0,0.2959056520253708,0.0,0.0,0.0,0.0,0.0,0.0,0.0,0.021638515134593573,0.006220185837446969,0.10458619098251147,0.012996252656318397,1.003112841753827,1.2273924069796207,0.3294626524579657,1.8830766037893618,2.8302095205959152,2.1052659530789555,0.020736912212366673,0.04417864819124114,0.31646345971985324,0.03979242721555685,0.7872596246611424,0.3942617730502968,0.47442351453167103,0.054820125446434435,0.06800919034578011,0.09608298550791088,0.0,0.0,0.0,0.0,0.0,0.0,0.0,0.0,0.0,0.7284969972000984,0.02073691521188298,0.23802375047975075,0.06112406555467533,0.008114444299934407,0.013524085833727757,0.0,0.0,0.0,0.0,0.05589950418122091,0.039670618579910284,0.0,0.008114444299365529,0.0,0.0,0.033359392124550837,0.0,0.0,0.022540130057141245,0.0,0.0,0.0,0.009917659144434168,0.0
15.299999999999988,0.0,0.0,0.0,0.0,0.0,0.0,0.0,0.0,0.0,0.0,0.0,0.10007817937278955,0.0,0.0,0.0,0.0,0.0,0.34874206940408947,0.26507193414559077,0.01352408283441106,0.0,0.0,0.0,0.0,0.0,0.011720867989342422,0.024434397520433148,0.0,0.16228896700934167,0.3155618417936474,0.0,0.6881956784509478,1.9517840581348687,9.443861778927054,1.371810066870975,0.15056806901769024,0.30654577057314,0.0,0.023441744979678936,1.164846619684027,1.291357061607742,0.3696090344612551,0.03876901565654563,0.06221075763689788,0.0,0.0,0.0,0.0,0.0,0.0,0.0,0.0,0.0,0.10458621498277378,0.0,0.045080260114272505,0.020736912212366673,0.28409470491083166,0.011816904758059616,0.0,0.0,0.0,0.0,0.0,0.0,0.0,0.0,0.0,0.0,0.0,0.0,0.0,0.0,0.0,0.0,0.0,0.01983530929014976,0.2668751789954335,0.00901606222312616
15.399999999999988,0.0,0.0,0.0,0.0,0.0,0.0,0.0,0.0,1.211746211476242,0.4826708286537013,0.0,0.0,0.0,0.0,0.0,0.0,0.0,0.1920419024453439,0.017943046884002195,0.0,0.04868668080303644,0.0,0.0,0.021638530134989547,0.0,0.0,0.0,0.0,0.04958829272455079,0.1150455720045004,0.11179905936226313,0.7931417088473832,2.836208083098058,13.556612714414827,0.13866674980834034,0.021638530134989547,0.4535074219034889,0.0,0.0,0.5030957146310437,0.049588274724468855,0.6203043675193997,0.09016050522702126,0.027949762590888633,0.0,0.0,0.0,0.0,0.0,0.0,0.0,0.0,0.0,0.0,0.0,0.0,0.0,0.0,0.0,0.0,0.0,0.17400980199724803,0.0,0.0,0.0,0.5635032934234662,0.027949750589240478,0.05229308949224809,0.0,0.0,0.0,0.0,0.05400725077612441,0.0,0.0,0.0,0.01532729167894006,0.06221075463568492,0.11270065028322114
15.499999999999988,0.0,0.0,0.0,0.0,0.0,0.0,0.0,0.0,0.0,0.036965815813769225,0.0,0.0,0.0,0.0,0.0,0.0,0.0,0.04958829272549893,0.027137201228632137,0.027949753590653045,0.0,0.0,0.027949756590728247,0.0,0.008114444300503287,0.1156161441036823,0.087245011410153,0.348921203921598,0.011720867989721674,0.25641576497485297,0.4264592502362029,0.09917655544813002,0.7936442762602649,5.327245990980814,0.31826664756706946,0.25596782329743645,0.19654992005597471,0.0,0.0,0.16860016046516133,0.019835294289753787,0.06221077863821274,0.2630045557076736,0.10548779090693869,0.017130503523544262,0.0,0.0,0.0,0.0,0.0,0.0,0.0,0.0,0.0,0.0,0.0,0.0,0.0,0.0,0.0,0.0,0.0,0.0,0.0,0.21638524134586634,0.0,0.0,0.0,0.06130915771475617,0.0,0.03967063958084589,0.04688348395881823,0.0018922654054072936,0.0,0.06311234555834955,0.0,0.03426100704709851,0.5956018119314798,0.518422994306639
15.599999999999987,0.0,0.0,0.0,0.0,0.0,0.0,0.0,0.0,0.0,0.0,0.0,0.0,0.0,0.0,0.0,0.0,0.7257922004278204,0.0009016029220372732,0.01622889760124216,0.04417865419140153,0.023441747979185256,0.0,0.02804718142247362,0.0,0.02999946499105514,0.05475142270355286,0.0,0.0,0.0,0.008114444300503287,0.07303002270250637,0.0,0.03696581281369402,0.25064622439175444,0.2260521052143435,0.4417005364404709,0.0,0.0,0.0,0.0,0.07573483447095893,0.20286120651157077,0.2716473482005481,0.0,0.0,0.0,0.0,0.0,0.0,0.0,0.0,0.0,0.0,0.0,0.0,0.0,0.0,0.0,0.0,0.0,0.0,0.0,0.0,0.0,0.0,0.0,0.0,0.0,0.0,0.0,0.014425679756477574,0.0,0.0,0.0,0.0,0.22568319963825148,2.5961431663453123,3.243738894908728,0.07032521393848044
15.699999999999987,0.0,0.0,0.0,0.0,0.0,0.0,0.0,0.0,0.0,0.0,0.0,0.0,0.0,0.0,0.0,0.03696581581263146,0.38949346142068536,0.0,0.0,0.0,0.0,0.0,0.053097279582651175,0.0,0.0,0.0,0.0,0.0,0.0,0.0,1.8594526671285598,0.17531200949669484,0.7557309658085904,0.11956926576360662,1.0413206513240731,3.319652286150536,0.0,2.374309318358439,0.07861429016419208,0.48094032063344444,0.06362918842214946,0.008114444300503287,0.0,0.0,0.0,0.0,0.0,0.0,0.0,0.0,0.0,0.0,0.027949762590888633,0.6460206848000855,0.0,0.0,0.0,0.0,0.0,0.0,0.0,0.0,0.0,0.0,0.0,0.0,0.0,0.0,0.0,0.0,0.0,0.0,0.0,0.0,0.049588280725168174,0.18454721599872775,0.004508029611520488,0.10476030899083032,0.014425682756552774
15.799999999999986,0.0,0.0,0.0,0.0,0.0,0.0,0.0,0.0,0.0,0.0,0.0,0.0,0.0,0.0,0.0,0.0,1.676543419346129,0.031556186280097036,0.38915327654429216,0.0,0.0,0.0,0.0,0.0,0.0,0.0,0.0,0.0,0.0,0.2944229658877137,1.2236303566141966,0.3218730712525053,0.11972769171938809,0.48360458023462216,0.28310405259549526,3.371618094321749,0.5899213457130293,0.2923164302302182,2.2735694308674073,0.9740079022539615,0.0,0.43676459737582335,0.6451616813593656,0.0,0.16409213685113647,0.0,0.0,0.0,0.0,0.0,0.03335940112383829,0.0,0.2984313112756539,0.14649029387557858,0.0,0.16319054293107135,0.060407551791875194,0.0,0.0,0.0,0.0,0.008114453300169994,0.09376695291649195,0.0,0.0,0.0,0.0,0.0,0.0,0.0,0.0,0.0,0.0,0.0,0.034260995046398485,0.028851371513265934,0.1235199213529522,0.0,0.0
15.899999999999986,0.0,0.0,0.0,0.0,0.0,0.0,0.0,0.0,0.0,0.0,0.0,0.0,0.0,0.0,0.0,0.0,1.0381899216216846,0.061913750229469176,0.06104477407972271,0.8264484038101916,2.7330889753292116,0.046883468958422256,0.0,0.0,0.0,0.0,0.0,0.0,0.018032106445781144,0.6780071075513856,0.44932351243543955,0.5319470501407324,0.4462945355274278,0.3399051776975279,0.2235980827243524,0.484669728139787,0.5701913791665065,0.27543184837554174,1.491054286216251,3.146860020296678,0.309382664717699,0.5998336207923768,4.343415596797324,0.7453753554707875,0.0,0.0,0.0,0.09647174368288114,0.0,0.0,0.0,0.0,0.0,0.0,0.0,0.0,0.0,0.0,0.0,0.0,0.0,0.0,0.0,0.0,0.09016053222849651,0.0,0.0,0.027048153668501346,0.0,0.025244941823897145,0.0,0.48686678402607997,0.0,0.0,0.0,0.0,0.051391492570171594,0.0,0.0
15.999999999999986,0.0,0.0,0.0,0.0,0.0,0.0,0.0,0.0,0.0,0.0,0.03696580981303996,0.10999581451790956,0.0,0.0,0.0,0.08559265782492781,0.5906112708834694,0.0,0.0,0.7326814543021886,0.30326291939466965,0.0,0.0,0.0,0.0,0.0,0.0,0.0,0.0,1.4356607494854903,1.7277883966513536,0.3162377318213308,0.0,0.0,1.235199057512248,0.018032106445771162,0.0,0.36796169304981236,0.22647101232803693,0.09016054422918657,0.0009016089223872854,0.2941754689142494,0.17447246860232812,0.7431748492081727,0.1460600424090993,0.8096415032018098,0.0,0.07483322554952976,0.21548364742274745,0.009016056222965774,0.00593734255533757,0.0048819165119968165,0.0,0.0,0.0,0.06942358401478828,0.0,0.0,0.0,0.0,0.0,0.0,0.0,0.0,0.0,0.0,0.0,0.0,0.0,0.0,0.1541744897096878,0.03786741573383503,0.6590734251856113,0.16409213685399082,0.11450384712799824,0.1433552366407972,0.0,0.0,0.0
16.099999999999987,0.0,0.0,0.0,0.0,0.0,0.0,0.0,0.0,0.0,0.0,0.0,0.015327297679100446,0.0,0.0,0.0,0.0,0.0,0.0,0.06221075763766637,0.0,0.0,0.0,0.0,0.0,0.0,0.0,0.0,0.0,0.0,2.2686846110568006,1.457805656211813,0.41023035563523574,0.03155618327965257,0.0,0.08565249961479497,0.0,0.0,0.9275857623989406,1.6193422832723536,0.22990933618039863,0.060407551792454064,0.28490724643888965,0.20510331567573742,0.0,0.5121117648534796,0.0,0.011720873988933928,0.0,0.0,0.0,0.05860433394674134,0.0,0.0,0.0,0.0,0.0,0.0,0.0,0.0,0.0,0.0,0.0,0.009917659145192673,0.0,0.011720858989486086,0.0,0.0,0.0,0.0,0.0,0.37506776066649583,0.07934124315998095,0.03335939512462604,0.0,0.0,0.0,0.0,0.0,0.0
16.199999999999985,0.0,0.0,0.0,0.0,0.0,0.0,0.0,0.0,0.0,0.0,0.0,0.0,0.05409630133684232,0.06952429988958649,2.477216628016538,0.008580441667218363,0.0027048117667558998,0.0,5.726996171281167,0.0,0.0,0.0,0.0,0.0,0.0,0.0,0.0,0.0,0.0,0.3818163090604209,0.25800092381344825,0.06762038416896787,0.0002518473789769732,1.376499297937141,0.022023476170600718,0.0,0.0,0.009016050222805386,0.1099958505156283,0.0,0.0,0.028851368512621853,0.005794584569518942,0.06671878424872245,0.2903168369705762,0.0,0.0,0.039670624578922925,0.033278355793842904,0.0,0.0,0.0,0.010819256067259187,0.0,0.0,0.0,0.0,0.0,0.0,0.0,0.0,0.0,0.0,0.027048153668501346,0.0,0.0,0.0,0.0,0.03245779220240912,0.042375457347003674,0.37596943259188953,0.0,0.0,0.0,0.0,0.0,0.0,0.0,0.0
16.299999999999983,0.0,0.0,0.0,0.0,0.0,0.0,0.0,0.0,0.0,0.0,0.0676203871694323,0.0,0.0,0.009917662145267875,0.11750246640890286,2.2620827396423073,0.754643577942375,0.0,0.0,0.0,0.0,0.0,0.0,0.0,0.012622473911644522,0.0,0.0,0.010819256067259187,0.0,0.0,0.049446476682457656,0.0,0.0,0.6157963379143265,0.0428920902332623,0.022540124055084598,0.0,0.0,0.14155201879717036,0.0,0.0,0.2398269953250224,0.5577086668497157,0.0,0.0,0.012622470911948572,0.0,0.07663643439197287,0.11188008669010628,0.0,0.14335520063965523,0.0,0.0,0.0,0.0,0.0,0.013524085834486261,0.0054096295336721854,0.0,0.0,0.0,0.0,0.0,0.0,0.0,0.0,0.0,0.09106211714966339,0.0,0.00991765914481342,0.06130913371413459,0.0,0.0,0.0,0.0,0.0,0.0,0.0,0.0
16.399999999999984,0.0,0.0,0.0,0.0,0.0,0.0,0.0,0.0,0.0,3.3921145559166024,0.04292230067769946,0.0,0.0,0.0,0.0,2.2979975745782104,0.19925478582455336,0.0,0.0,0.0,0.0,0.0,0.0,0.0,0.0,0.0,0.0,0.0,0.0,0.0,0.0,0.0,0.0,0.0,0.0,0.05680113410415457,0.11270065328577143,0.0,0.0,0.0,0.0,0.3498228188435468,0.012622485912344546,0.0,0.0,0.0,0.0,0.0,0.01352408283441106,0.0,0.0,0.0,0.0,0.0,0.0,0.0,0.06491559040459938,0.03606421289117306,0.01893370636792286,0.0,0.027048156668396908,0.1361423922596112,0.02254014505753722,0.0,0.012622473911454895,0.050489889647944694,0.0,0.01352408283441106,0.032457786200731725,0.0,0.0,0.0,0.0,0.0,0.0,0.0,0.0,0.0,0.0
16.499999999999986,0.0,0.0,0.0,0.0,0.0,0.0,0.0,0.0,0.0,0.4860442723808699,0.0,0.07122680486038657,0.0,0.0,7.096203511068858,2.1814797266932415,0.08294766684996782,1.5814154946661816,0.0,0.0,0.0,0.0,0.0,0.0,0.0,0.0,0.0,0.0,0.0,0.0,0.0,0.010819259067334388,0.01983531529030016,0.244948449985778,2.669039520811889,0.0,0.09466853183864621,0.0,0.0,0.0,0.0,0.0,0.14065040987536193,0.0,0.0,0.0,0.008114447300578488,0.009917662144319743,0.01442568875671316,0.06718980476122122,0.03696580981361882,0.0,0.0,0.0,0.0,0.0,0.0,0.0,0.0,0.0,0.02254011505674527,0.18933709367884283,0.0,0.0,0.0,0.3317907093956345,0.0,0.049588268723530005,0.03335940412487161,0.0,0.0,0.0,0.0,0.0,0.0,0.0,0.0,0.0,0.0
16.599999999999984,0.0,0.0,0.0,0.0,0.0,0.0,0.0,0.0,0.023441738979518546,0.041473848425374896,0.0,0.0,0.0,0.5586350995549219,4.82091676647067,1.1990352021092607,0.3033547007330875,0.9565171164128725,0.6680454977019166,0.0,0.0,0.0,0.0,0.0,0.0,0.0,0.0,0.0,0.0,0.0,0.0,0.0,0.23852746023752172,0.8676317469085866,0.11179907136238428,0.0,0.0,0.0,0.0,0.0,0.0,0.0,0.0,0.0,0.0,0.0,0.0,0.011720870989227996,0.0,0.0391996490680905,0.0,0.0,0.0,0.011720870989796874,0.0,0.0,0.0,0.0,0.0,0.022540130056572367,0.0,0.0,0.0,0.0,0.0,0.059505933868513786,0.0,0.0,0.05589951917991025,0.015327282677756342,0.0,0.0,0.0,0.0,0.0,0.0,0.0,0.0,0.0
16.69999999999998,0.0,0.0,0.0,0.0,0.0,0.0,0.0,0.0,0.0,0.05139147756921672,0.05680111610369338,0.7158745112894408,0.0,4.606557749556212,0.19709278666567287,2.143819447871979,1.4331685504692038,2.9591586173229376,0.5061309938103257,0.0,0.0,0.0,0.0,0.0,0.0,0.0,0.0,0.0,0.13536386315585797,0.01081925906734437,0.0,0.0,0.17809978572244978,0.9625411804362771,2.2017199251952055,0.0,0.025244956823534614,0.0,0.0,0.0,0.009016050222426134,0.0,0.0,0.020736909212291474,0.08925892930588039,0.0,0.0,0.0,0.0,0.0,0.0,0.0,0.027048153668501346,0.0,0.0,0.0,0.0,0.0,0.0,0.0,0.0,0.0,0.0,0.0,0.07393162862670472,0.03876903365702678,0.02975296843533245,0.7041537062932245,0.10188136121756991,0.022540127056297557,0.0,0.0,0.0,0.0,0.0,0.0,0.0,0.0,0.0
16.799999999999983,0.0,0.0,0.0,0.0,0.0,0.0,0.0,0.0,0.0,0.0,0.0,0.0,1.036846027619646,0.7360430379685777,1.3578174239449747,0.6413422213114526,0.9862072707599919,0.9263758138233841,1.101761549015808,0.26597355207052925,0.10097979129430394,0.0,0.0,0.0,0.0,0.0,0.0,0.14475387237972065,0.8198406286400544,0.0,0.0,0.0,0.27498957529391516,0.11179902036276258,0.2226964738028933,0.0,0.0,0.0,0.0,0.0,0.0,0.0,0.02163852413482916,0.0764863620757893,0.1956483471314958,0.0,0.0,0.0,0.0,0.05229308949185885,0.0,0.0,0.0,0.36875653720687007,0.0,0.054997925259056696,0.0,0.0,0.0,0.0,0.018032091444995936,0.0,0.0,0.0,0.07032519893713633,0.41203355248247797,0.05048988064770911,0.0,0.007212847378436774,0.0,0.0,0.0,0.0,0.0,0.0,0.0,0.0,0.0,0.0
16.899999999999984,0.0,0.0,0.0,0.0,0.0,0.0,0.0,0.0,0.006311229455813901,0.012622467911863387,0.0,0.0,0.0,0.0901605232278717,0.0,1.2854502216063552,9.019897162991782,0.13704399218666322,1.431104840437034,0.05895249556178268,0.0,0.0,0.0,0.0,0.0,0.0,0.000551708167749678,0.906113237885584,0.2947508374530346,0.0,0.0,0.0,0.0,0.3245778350212116,0.09286533499405872,0.43928356064652596,0.22720451541417563,0.2749895962933538,0.0,0.0,0.0,0.15044005333354443,0.01906177005618616,0.5176714637013942,0.7194809739739882,0.0,0.0,0.0,0.13974878894960996,0.0,0.0,0.0,0.0,0.0,0.0,0.0,0.0,0.0,0.0,0.02073692121260226,0.0,0.0,0.048686683803101656,0.1983531289016515,0.017130503523544262,0.0,0.0,0.0,0.0,0.0,0.0,0.0,0.0,0.0,0.0,0.0,0.0,0.0,0.0
16.999999999999982,0.0,0.0,0.0,0.0,0.0,0.0,0.0,0.0,0.0,0.0,0.0,0.4688346805785178,0.3768709965136379,0.0,0.17400979600088018,0.0,0.28280535880459584,1.1845857411554113,0.1021775557353769,0.0,0.0,0.0,0.0,0.0,0.0,0.0,0.04633176678971891,0.22630293949111857,0.03974468971066958,0.027048156667818044,0.03606422188970201,0.0,0.0,0.0,0.0,0.4533055584049395,0.0,0.0,0.0,0.0,0.0,0.0,0.0,0.0,0.0,0.0,0.0,0.0,0.0,0.0,0.0,0.0,0.0,0.0,0.0,0.0,0.0,0.0,0.017130500522710555,0.053251787332534134,0.0,0.0,0.022540130057141245,0.10278299714065399,0.0,0.0,0.0,0.0,0.0,0.0,0.0,0.0,0.0,0.0,0.0,0.0,0.0,0.0,0.0
17.09999999999998,0.0,0.0,0.0,0.0,0.0,0.048369658815623356,0.2227974325732161,0.008114453300169995,0.0,0.0,0.0,0.0,0.00035775028459467204,0.0879995670965577,0.03245779220239914,0.7433316896847018,0.7780852779182306,8.804597132514935,0.028851368513190735,0.0,0.0,0.0,0.03426099504677774,0.0,0.0,0.03516261896747511,0.13163434764994028,0.0,0.2741241384166285,1.0124665106647797,0.0,0.0,0.0,0.0,0.0,0.0,0.0,0.0,0.0,0.0,0.0,0.0,0.3317907243986553,0.0009016089223872854,0.0,0.0,0.05499790425773184,0.0,0.0,0.0,0.0,0.0,0.0,0.05139149556948829,0.0,0.0,0.14606003940960302,0.0,0.3741661637434813,0.09100504923147143,0.0,0.0,0.02885137751342632,0.0,0.0,0.0,0.0,0.18843548775709962,0.0,0.022540139057376833,0.0,0.0,0.0,0.0,0.0,0.0,0.0,0.0,0.0
17.19999999999998,0.0,0.0,0.0,0.0,0.0,0.48145721749734066,0.0840653989870471,0.0,0.0,0.0,0.0,0.0,0.0,0.0,0.9971753940376521,0.08614513480775884,0.021638527134914348,0.5197362943739067,0.0,1.2577392445706468,0.0,0.0,0.0,0.0,0.0,0.29572649950759067,0.0,0.0,0.0,0.0,0.0,0.0,0.0,0.018032106445771162,0.0,0.0,0.0,0.0,0.0,0.0,0.0,0.0,0.0,0.23538272515896644,0.0,0.0,0.0,0.0,0.0,0.0,0.0,0.0,0.010819262067419571,0.0,0.0,0.0,0.0,0.042375451347601796,0.0,0.0,0.0,0.0,0.0,0.0,0.0,0.0,0.0,0.0,0.0,0.0,0.0,0.0,0.0,0.0,0.0,0.0,0.0,0.0,0.0
17.299999999999983,0.0,0.0,0.0,0.0,0.0,0.07483325254967761,0.0,0.0,0.0,0.0,0.0,0.0,0.0,0.022540130054855747,12.449062752218834,0.07934294454140764,1.2702359868750075,1.574461471089767,0.1759042048018913,0.0,0.0,0.0,0.0,0.0,0.0,0.7175347022901445,0.15056807502146352,0.016228903599885536,0.17491138091981145,0.0,0.0,0.0,0.0,0.0,0.0,0.03155618628010702,0.0,0.03155618628010702,0.0,0.0,0.0,0.0,0.0,0.008952305778864697,0.17851782561070406,0.0,0.0,0.0,0.0,0.0,0.0,0.06130913671326165,0.0,0.007212847378057521,0.0,0.0,0.0,0.0,0.0,0.0,0.0,0.0,0.0,0.0,0.0,0.0,0.0,0.0,0.0,0.027949759589665696,0.0,0.0,0.0,0.0,0.0,0.0,0.0,0.0,0.0
17.39999999999998,0.0,0.0,0.0,0.0,0.0,0.0,0.0,0.2686783398370228,0.0,0.0,0.0,0.0,0.0,0.19023870260065132,0.02254013005600349,0.021638536134581055,3.3832489401549357,0.0,0.02448342193068135,0.2272045064125827,0.0,0.0,0.0,0.0,0.2005261243757989,0.7165493964156817,0.07843967623852674,0.1451584634884621,0.0,0.009016050222805386,0.0,0.0,0.0,0.0,0.1415519947959799,0.0,0.0,0.0,0.0,0.0,0.0,0.0,0.0,0.6581718162628248,0.3110538271861358,0.049588298726038565,0.015327288678854875,0.0,0.0,0.07753805231325836,0.0,0.006311235455974286,0.0,0.0,0.0,0.0,0.0,0.08565249061570714,0.0,0.0,0.032457786202248734,0.041473836425054124,0.024343344899924384,0.0,0.0,0.0,0.0,0.0,0.0,0.0,0.0,0.0,0.0,0.0,0.0,0.0,0.0,0.0,0.0
17.49999999999998,0.0,0.0,0.0,0.0,0.0,0.0,0.0,0.0,0.0,0.0,0.0,0.0,0.0,0.17310820507501185,0.0,0.0,1.7626382520503925,0.0,0.0,0.022246459412657495,1.4053462409257884,0.13745794081963972,0.012622473912023775,0.0,0.39039506134377516,1.0404524993097672,0.16319052492945246,0.0,0.011720870989796874,0.0,0.0,0.0,0.0,0.0,0.0,0.07483323754852314,0.36362476635650476,0.32908589162814944,0.1758130138456547,0.0,0.0,0.0,0.0,0.0,0.786199704218642,0.0522930984924737,0.0,0.0,0.0,0.0,0.0,0.0,0.009917641144342246,0.03447083169487139,0.0,0.0,0.0,0.0,0.16138731008799667,0.0,0.01789604345597039,0.0,0.0,0.0,0.0,0.0,0.0,0.0,0.0,0.0,0.0,0.0,0.0,0.0,0.0,0.0,0.0,0.0,0.0
17.59999999999998,0.0,0.0,0.0,0.0,0.0,0.0,0.0,0.0,0.0,0.0,0.0,0.0,0.0,0.0,0.15237128086345214,0.7328709919572006,0.9095955882871751,0.0,0.0,0.029752977433482153,0.45634827658335125,0.07483323454919646,0.0,0.0,0.0,0.12983114480900493,0.9295549138649891,0.0,0.9782416366702772,0.09363286705922802,0.10729101174931333,0.014425682755604644,0.0,0.0,0.0,0.0,0.014147824076090373,0.2894152640493209,0.0,0.0,0.0,0.0,0.19564830213373116,0.0,0.04147384542530968,0.0,0.06671877524886609,0.0,0.0,0.0,0.0,0.0,0.0,0.014215861108106569,0.0,0.0,0.0,0.0,0.11450388012773761,0.18302584621877524,0.05513398824735042,0.0,0.0,0.0,0.0,0.0,0.0,0.0,0.0,0.0,0.0,0.0,0.0,0.0,0.0,0.0,0.0,0.0,0.0
17.69999999999998,0.0,0.0,0.0,0.0,0.0,0.0,0.0,0.0,0.0,0.0,0.0,0.620172310722669,0.0,0.0,1.1910782515174043,2.0838984511793277,0.4229768398342155,0.009917662145267875,0.0,0.0,0.20883224318197652,0.26180568824688355,0.0,0.0,0.0,0.0,0.011844801414848252,0.18470516664203032,1.1333177802967331,0.0975074204601649,0.22290899093672525,0.11991350366389418,0.0,0.0,0.0,0.0,0.0,0.0,0.0,0.0,0.0,0.0,0.0,0.0,0.0784396522342723,0.0,0.056801128102297524,0.0,0.0,0.0,0.0,0.0,0.010819265067494773,0.12171669150824609,0.0,0.0,0.0,0.0,0.0,0.0,0.045080269114128844,0.0,0.0,0.0,0.0,0.0,0.0,0.0,0.0,0.0,0.0,0.0,0.0,0.0,0.0,0.0,0.0,0.0,0.0
17.79999999999998,0.0,0.0,0.30113610203861985,0.0,0.0,0.0,0.0,0.0,0.0,0.0,0.005000712085257223,0.5978963212677814,0.15183229460262584,0.01713049152323347,0.0,3.094096578113746,1.0647957422067955,0.0,0.07032519593800927,0.1378805572359986,0.0,0.9034084591208528,0.0,0.026016484005744585,0.0,0.0,0.0,0.0,0.0,0.914700236905238,0.8819864390572728,0.026146535745878472,0.0,0.0,0.0,0.0,0.0,0.0,0.0,0.0,0.0,0.0,0.0,0.0,0.4318688707694801,0.0,0.053194722415256954,0.0,0.0,0.0,0.0,0.0,0.0,0.0,0.0,0.0,0.0,0.0,0.0,0.0,0.0,0.0,0.0,0.0,0.0,0.0,0.0,0.0,0.0,0.0,0.0,0.0,0.0,0.0,0.0,0.0,0.0,0.0,0.0
17.899999999999977,0.0,0.0,1.0070930261794733,0.0,0.0,0.0,0.0,0.0,0.0,0.0,0.8573837531338591,0.8971726908507802,0.5198965354819008,0.08835731438372195,2.7012047633924627,2.037632175076561,1.4889164737835132,0.23802377448186932,0.0,0.001868240714660909,0.06762035716977811,0.10819264167471214,1.813618506988463,5.803763549768755,4.572112359836219,0.0,0.0,0.0,0.009917659145192673,0.431868927773813,0.0,0.3200698474079496,0.0,0.0,0.0,0.0,0.0,0.0,0.0,0.0,0.01442568575663796,0.0,0.0,0.0,0.0,0.0,0.0,0.009016059223040974,0.0,0.0,0.0,0.0,0.0,0.0,0.0,0.0,0.0,0.0,0.0,0.0,0.0,0.0,0.0,0.0,0.0,0.0,0.0,0.0,0.0,0.0,0.0,0.0,0.0,0.0,0.0,0.0,0.0,0.0,0.0
17.99999999999998,0.0,0.21400376545924873,1.3493083746179408,0.0,0.0,0.023441741979603734,0.0,0.0,1.4786325965284879,0.0,0.6157963529183055,0.31015222126079955,0.7225289979715136,0.0,0.2019595765903537,1.1001748593492056,1.9689687375162692,0.02442100933340745,0.07346219059186752,0.2502141015069845,0.012622482912259361,0.5098959566723161,4.158615791870888,0.9700011447467165,3.4832390430493856,0.30654577357435303,0.0,0.0,0.0,0.0,0.0,0.5553888071214806,0.005409632533747387,0.0,0.0,0.0,0.0,0.0,0.0,0.0,0.0,0.0,0.0,0.0,0.0,0.024343338901670248,0.0,0.0,0.0,0.0,0.0,0.0,0.0,0.0,0.0,0.0,0.0,0.0,0.0,0.0,0.0,0.0,0.0,0.0,0.0,0.0,0.0,0.0,0.0,0.0,0.0,0.0,0.0,0.0,0.0,0.0,0.0,0.0,0.0
18.09999999999998,0.0,0.5833687451367503,3.4080466971347625,0.0,0.0,0.09466853783917585,0.0,0.08204606392735168,5.39623246540181,0.49575767366253737,0.0,5.300537005058162,1.2072493669300806,0.0,0.5066718170653423,1.8088846182720215,2.445827985296765,0.39067354315761205,0.5265374476062599,0.07663644339428435,0.584313949882688,1.1153677276978564,0.3690681294794781,3.9176006299040287,0.08114447000572964,0.7916093337598896,0.0,0.0,0.0,0.0,0.0,0.0,0.0,0.0,0.0,0.0,0.0,0.0,0.0,0.0,0.0,0.0,0.0,0.0,0.0,0.0,0.0,0.0,0.0,0.0,0.0,0.0,0.0,0.0,0.0,0.0,0.0,0.0,0.0,0.0,0.0,0.0,0.0,0.0,0.0,0.0,0.0,0.0,0.0,0.0,0.0,0.0,0.0,0.0,0.0,0.0,0.0,0.0,0.0
18.199999999999978,0.0,1.077269232376717,2.242076153742264,0.23982698332338426,0.0,0.0,0.0,0.01622888860081695,0.0,1.639118279692858,0.0,2.0928448142517744,0.5213220022968584,0.0,0.38952375267499295,1.1310939672940241,0.21055666583707808,0.0,0.009016047222730186,0.07122679885851954,1.912668024086092,0.02418754980305925,0.6675947578710983,0.2524494482366895,0.43547532145956486,0.009016056222965774,0.012622470911948572,0.07212844378261768,0.08294765184956186,0.0,0.04958828972485486,0.06396901740109212,0.015372258759586331,0.0,0.0,0.0,0.0,0.0,0.0,0.0,0.0,0.0,0.0,0.0,0.0,0.0,0.0,0.0,0.0,0.0,0.0,0.0,0.0,0.0,0.0,0.0,0.0,0.0,0.0,0.0,0.0,0.0,0.0,0.0,0.0,0.0,0.0,0.0,0.0,0.0,0.0,0.0,0.0,0.0,0.0,0.0,0.0,0.0,0.0
18.299999999999976,0.12451872881483603,1.0698151791576118,1.6172558726513633,0.07934127016144622,0.0,0.0,1.154054677510002,0.0,0.0,0.38498542281023673,1.0134043186377046,3.642303934503493,10.46742604660399,0.05589953118192767,0.0,0.13117374538607438,0.6282044262285956,1.6538588268939447,0.0,2.2249741200430218,6.3924683686174895,0.5669307235824698,0.3121385013743572,0.5680112240265066,0.1442568215654073,0.13343757449628782,0.05499791925851705,0.07922120864132252,0.04868667480230718,0.0,0.010819268067569976,0.0,0.0,0.0,0.0,0.0,0.0,0.0,0.0,0.0,0.0,0.0,0.0,0.0,0.0,0.0,0.0,0.0,0.0,0.0,0.0,0.0,0.0,0.0,0.0,0.0,0.0,0.0,0.0,0.0,0.0,0.0,0.0,0.0,0.0,0.0,0.0,0.0,0.0,0.0,0.0,0.0,0.0,0.0,0.0,0.0,0.0,0.0,0.0
18.399999999999977,0.0,0.3092505553414647,2.560861341630791,0.01713049752339386,0.0,0.09557013776114791,0.058604342948683566,0.03155617127857329,1.0886057338016917,9.857945846835358,0.10458619998312632,1.499569154525809,2.0788799335801755,0.7582499626341983,0.7419427754653996,0.3982506092307954,0.19148088133490662,0.36859645325528845,0.9068406968000673,4.149043799116995,6.04069013913295,0.230207225530971,0.18482906706798635,0.0,0.07122681685993887,0.09376696791537092,0.0,1.955701803936543,0.02704815966865175,0.22547192200185967,1.3027488982518345,0.0,0.0,0.0,0.0,0.0,0.0,0.0,0.0,0.0,0.0,0.0,0.0,0.0,0.0,0.0,0.0,0.0,0.0,0.0,0.0,0.0,0.0,0.0,0.0,0.0,0.0,0.0,0.0,0.0,0.0,0.0,0.0,0.0,0.0,0.0,0.0,0.0,0.0,0.0,0.0,0.0,0.0,0.0,0.0,0.0,0.0,0.0,0.0
18.49999999999998,0.0,0.003606414688982799,0.9862190275351712,0.0630866476935437,0.058604339948598386,0.0,0.0,0.0,0.0,0.1900758792962857,1.2415103679686748,0.0,0.0,0.5003909028584295,0.8356842482822471,0.19835314089758088,0.0,0.6538666277267512,2.207618823365835,2.0439390207990202,1.0116010677910952,0.1253231061953426,0.018933712367314757,0.01713049452255017,0.3281842797100183,0.05229310449263409,0.2840056705194355,0.013524076834250673,0.0,0.16048573716655176,0.47840424871757325,0.7447258828028964,0.0739316406275844,0.0,0.0,0.0,0.0,0.0,0.0,0.0,0.0,0.0,0.0,0.0,0.0,0.0,0.0,0.0,0.0,0.0,0.0,0.0,0.0,0.0,0.0,0.0,0.0,0.0,0.0,0.0,0.0,0.0,0.0,0.0,0.0,0.0,0.0,0.0,0.0,0.0,0.0,0.0,0.0,0.0,0.0,0.0,0.0,0.0,0.0
18.599999999999977,0.0,0.04057222150251644,0.01893370936742918,0.0,0.0,0.0,0.035162606968292084,0.0,0.0,0.3579372631431118,3.6746413710973234,0.4302458643822272,0.0,0.0,0.0,0.0,0.0,0.10007815837129506,3.2531627735218573,0.12778543752448301,0.012622476912098975,0.009749575308743366,0.12098316642080108,0.002049050047978981,0.1186039612831752,0.2661355783265209,0.0,0.023441732979368145,0.2208932529570954,0.2695799547603189,0.5468213702649067,0.05670068974953234,0.017130506523619464,0.0,0.0,0.0,0.0,0.0,0.0,0.0,0.0,0.0,0.0,0.0,0.0,0.0,0.0,0.0,0.0,0.0,0.0,0.0,0.0,0.0,0.0,0.0,0.0,0.0,0.0,0.0,0.0,0.0,0.0,0.0,0.0,0.0,0.0,0.0,0.0,0.0,0.0,0.0,0.0,0.0,0.0,0.0,0.0,0.0,0.0
18.699999999999974,0.0,0.06311236355996847,0.019835318290006093,0.0,0.05048988664749024,0.0,0.0,0.0,0.0,0.0,0.06656850894972081,2.0108511146157255,0.0,0.0,0.06401396648124723,0.033059050952545764,0.07062553410823251,0.012622464911788187,0.44539296860368816,2.9789035881969252,0.0,0.0,0.3394939100689668,0.3682661599168224,0.0,0.13097994122679738,0.0015560303466946362,0.0,0.0,0.0,0.0,0.056181375971739896,0.0,0.0,0.0,0.0,0.0,0.0,0.0,0.0,0.0,0.0,0.0,0.0,0.0,0.0,0.0,0.0,0.0,0.0,0.0,0.0,0.0,0.0,0.0,0.0,0.0,0.0,0.0,0.0,0.0,0.0,0.0,0.0,0.0,0.0,0.0,0.0,0.0,0.0,0.0,0.0,0.0,0.0,0.0,0.0,0.0,0.0,0.0
18.799999999999976,0.0,0.0,0.0,0.026146553746359633,0.0,0.0,0.0,0.02163852113475396,0.0,0.007212841377897135,1.0440588539950701,0.03335939512349826,0.0,0.0,0.0,0.29752971735004985,0.0,0.009917656145107489,0.183927521146869,0.2933038752050861,0.30564418565385937,0.0,0.1857306849892719,0.0,0.24974467547190923,0.0090160412225698,0.11743584878038951,0.0,0.0,0.0,0.4931780494834053,0.2638884744342189,0.008114441300428085,0.0,0.0,0.0,0.0,0.0,0.0,0.0,0.0,0.0,0.0,0.0,0.0,0.0,0.0,0.0,0.0,0.0,0.0,0.0,0.0,0.0,0.0,0.0,0.0,0.0,0.0,0.0,0.0,0.0,0.0,0.0,0.0,0.0,0.0,0.0,0.0,0.0,0.0,0.0,0.0,0.0,0.0,0.0,0.0,0.0,0.0
18.899999999999977,0.0,0.0,0.012622464911798172,0.0,0.0,0.0,0.4327704916887647,0.0,0.14876488117525458,0.06942360501457615,0.07212841978292425,0.07483321054856489,0.0,3.7380551927532597,0.03696580681354362,0.0,0.0,0.0,0.1686001334640753,0.30942779901561823,0.025417032774839806,0.03945453936307797,0.34260998346506155,0.06671879024926206,0.0,0.1541379958525006,0.49749541307357703,0.0,0.0,0.010819262067419573,0.0,0.0,0.0,0.021638527134904363,0.0,0.0,0.0,0.0,0.0,0.0,0.0,0.0,0.0,0.0,0.0,0.0,0.0,0.0,0.0,0.0,0.0,0.0,0.0,0.0,0.0,0.0,0.0,0.0,0.0,0.0,0.0,0.0,0.0,0.0,0.0,0.0,0.0,0.0,0.0,0.0,0.0,0.0,0.0,0.0,0.0,0.0,0.0,0.0,0.0
18.999999999999975,0.0,0.0,0.14876482417563217,0.0,0.0,0.10638941782978718,0.0,0.08655408453710961,0.0,0.016228888601006575,0.0,0.25747490727521505,1.3881844821808094,0.6230092092926065,0.218188468192194,0.0,0.0,0.0,1.6718867638268138,0.09391648508067331,0.00696966958556522,0.2947506839171217,0.11389259608647385,0.018933712368083246,0.0,0.46162188720379993,0.11991349166397265,0.0,0.0,0.0,0.0,0.05319469841443576,0.0,0.0,0.003606423689218387,0.0,0.0,0.0,0.0,0.0,0.0,0.0,0.0,0.0,0.0,0.0,0.0,0.0,0.0,0.0,0.0,0.0,0.0,0.0,0.0,0.0,0.0,0.0,0.0,0.0,0.0,0.0,0.0,0.0,0.0,0.0,0.0,0.0,0.0,0.0,0.0,0.0,0.0,0.0,0.0,0.0,0.0,0.0,0.0
19.099999999999973,0.0,0.0,0.3849853838094189,0.0,0.0,0.0,5.171401367698844,3.5986347374835876,0.826262605084844,0.0,0.0,0.9426974871632302,0.9265105828666013,1.4732229519951876,0.3245778710161061,0.0,0.0,0.0,0.32733567831142324,0.013524073834175473,0.0,0.03786741873598614,0.0,0.06942359901461537,0.0,0.21818844119149722,0.05770271902552106,0.011720867989721674,0.0,0.0,0.0,0.2879663704123488,0.0717741225751,0.0,0.0,0.0,0.0,0.0,0.0,0.0,0.0,0.0,0.0,0.0,0.0,0.0,0.0,0.0,0.0,0.0,0.0,0.0,0.0,0.0,0.0,0.0,0.0,0.0,0.0,0.0,0.0,0.0,0.0,0.0,0.0,0.0,0.0,0.0,0.0,0.0,0.0,0.0,0.0,0.0,0.0,0.0,0.0,0.0,0.0
19.199999999999974,0.0,0.011720885989813596,0.9746352909806185,0.0,0.0,1.019715542094885,6.782277536227338,11.813132870329198,0.2803996246613349,0.0,0.04057223950223909,0.3705730826589587,0.34939917479525046,0.07663643439406875,0.2551542570026017,0.1316343596500814,0.0,0.10188138821826669,0.009016053222890572,0.08114445500401626,0.0,0.011720867989721674,0.036064212890214935,0.016228888601006575,0.1974515109780705,0.05680113110275198,0.14540629775037514,0.6299741984074009,0.0,0.0,0.008114450300663673,0.6239107462099354,0.0595059398701812,0.0,0.0,0.0,0.0,0.0,0.0,0.0,0.0,0.0,0.0,0.0,0.0,0.0,0.0,0.0,0.0,0.0,0.0,0.0,0.0,0.0,0.0,0.0,0.0,0.0,0.0,0.0,0.0,0.0,0.0,0.0,0.0,0.0,0.0,0.0,0.0,0.0,0.0,0.0,0.0,0.0,0.0,0.0,0.0,0.0,0.0
19.299999999999976,0.0,0.10638941782883905,1.3319541651091351,0.058321078036310536,0.0,0.05319471341463213,0.5577148603142508,1.1829670426235197,0.0,0.0,0.0,0.0,0.06292629120621585,0.2643564455832194,0.02903517348040488,0.015327288678854875,0.02434334490182065,0.02704816866889732,0.0,0.0,0.0,0.0,0.19925476182390187,0.07790680232509592,0.12405276226284113,0.3795393238341203,1.5462894111493328,0.030654577357719735,0.005409632533747387,0.0,0.011720870989796874,0.010819268067569976,0.0,0.16228894601089117,0.0,0.0,0.0,0.0,0.0,0.0,0.0,0.0,0.0,0.0,0.0,0.0,0.0,0.0,0.0,0.0,0.0,0.0,0.0,0.0,0.0,0.0,0.0,0.0,0.0,0.0,0.0,0.0,0.0,0.0,0.0,0.0,0.0,0.0,0.0,0.0,0.0,0.0,0.0,0.0,0.0,0.0,0.0,0.0,0.0
19.399999999999974,0.0,0.0,0.4589170574356248,0.0,0.3480195889988707,0.3025571325431891,0.08455278799568798,2.9311205892669605,0.03065458035741568,0.0,0.0,0.0,1.2327428416581634,0.5187427714405438,0.13595856629644473,0.1343391864179918,0.0,0.0,0.0,0.0,0.0,0.0,0.29302170573920017,0.3263810708641819,0.0,0.020736921212043367,0.0,0.0,0.0,0.0,0.007212841377897135,0.014425679756477574,0.011720858988727581,0.1794194585342817,0.0,0.0,0.0,0.0,0.0,0.0,0.0,0.0,0.0,0.0,0.0,0.0,0.0,0.0,0.0,0.0,0.0,0.0,0.0,0.0,0.0,0.0,0.0,0.0,0.0,0.0,0.0,0.0,0.0,0.0,0.0,0.0,0.0,0.0,0.0,0.0,0.0,0.0,0.0,0.0,0.0,0.0,0.0,0.0,0.0
19.49999999999997,0.0,0.0,0.05005193131193881,0.3013983371677752,1.734864179668491,1.035425093116374,0.1713049932319047,0.07052129168631009,0.0,0.01713049152323347,0.0,0.0,0.680143486277021,0.3471179920756565,0.0,0.0,0.0,0.0,0.0,0.0,0.0,0.0,0.0,0.21909006811302836,0.1929435233678424,0.0,0.0,0.0,0.0,0.0,0.0,0.0,0.0,0.011720861988992408,0.009016047222730186,0.022540130056372756,0.0,0.0,0.0,0.0,0.0,0.0,0.0,0.0,0.0,0.0,0.0,0.0,0.0,0.0,0.0,0.0,0.0,0.0,0.0,0.0,0.0,0.0,0.0,0.0,0.0,0.0,0.0,0.0,0.0,0.0,0.0,0.0,0.0,0.0,0.0,0.0,0.0,0.0,0.0,0.0,0.0,0.0,0.0
19.599999999999973,0.0,0.0,0.0,0.52272690304815,1.574174470101633,0.5583222221622,0.2283062257006516,0.0,0.0,0.0,0.0,0.0,0.01532729167894006,0.2244996916484064,0.533371465411963,0.2250694393444312,0.007212847378436774,0.0,0.0,0.0,0.0,0.0,0.0,0.0,0.0,0.21187722073456153,0.011720855988842007,0.016228894600598082,0.0,0.0,0.0,0.0,0.0,0.0,0.0,0.0,0.0,0.0,0.0,0.0,0.0,0.0,0.0,0.0,0.0,0.0,0.0,0.0,0.0,0.0,0.0,0.0,0.0,0.0,0.0,0.0,0.0,0.0,0.0,0.0,0.0,0.0,0.0,0.0,0.0,0.0,0.0,0.0,0.0,0.0,0.0,0.0,0.0,0.0,0.0,0.0,0.0,0.0,0.0
19.699999999999974,0.0,0.0,0.0,0.4426003462323923,0.5016127044427358,0.09784632888961213,0.0,0.0,0.0,0.0,0.0,0.10909420859504855,0.0,0.0,0.4085040478221433,0.4730750440516712,0.0,0.058604339948598386,0.0,0.06852197509315949,0.0,0.05770272202447846,0.03606420389130673,0.0,0.0,0.0,0.0,0.0,0.0,0.0,0.0,0.0,0.0,0.0,0.0,0.0,0.0,0.0,0.0,0.0,0.0,0.0,0.0,0.0,0.0,0.0,0.0,0.0,0.0,0.0,0.0,0.0,0.0,0.0,0.0,0.0,0.0,0.0,0.0,0.0,0.0,0.0,0.0,0.0,0.0,0.0,0.0,0.0,0.0,0.0,0.0,0.0,0.0,0.0,0.0,0.0,0.0,0.0,0.0
19.799999999999972,0.0,0.0,0.0,0.0,0.0,0.0,0.0,0.0,0.0,0.0,0.0,0.0,0.0,0.0,0.0,0.19171140797497754,0.16950179038866384,0.048686680803405706,0.030654586357955323,0.0,0.0,0.0,0.0,0.0,0.0,0.0,0.018933709367608825,0.0,0.0,0.0,0.0,0.0,0.0,0.0,0.0,0.0,0.0,0.0,0.0,0.0,0.0,0.0,0.0,0.0,0.0,0.0,0.0,0.0,0.0,0.0,0.0,0.0,0.0,0.0,0.0,0.0,0.0,0.0,0.0,0.0,0.0,0.0,0.0,0.0,0.0,0.0,0.0,0.0,0.0,0.0,0.0,0.0,0.0,0.0,0.0,0.0,0.0,0.0,0.0
19.89999999999997,0.0,0.0,0.0,0.0,0.0,0.0,0.0,0.0,0.0,0.0,0.0,0.0,0.0,0.0,0.018032097444397818,0.4628540445985098,0.03516260396859614,0.018933694367602085,0.05139148056985082,0.5995674733164167,0.0,0.0,0.0,0.0,0.0,0.0,0.028851371513265934,0.06762039317054083,0.0,0.0,0.0,0.0,0.0,0.0,0.0,0.0,0.0,0.0,0.0,0.0,0.0,0.0,0.0,0.0,0.0,0.0,0.0,0.0,0.0,0.0,0.0,0.0,0.0,0.0,0.0,0.0,0.0,0.0,0.0,0.0,0.0,0.0,0.0,0.0,0.0,0.0,0.0,0.0,0.0,0.0,0.0,0.0,0.0,0.0,0.0,0.0,0.0,0.0,0.0
19.99999999999997,0.0,0.0,0.0,0.0,0.0,0.0,0.0,0.0,0.0,0.0,0.0,0.0,0.0,0.0,0.0,0.010819256066690307,0.029752995435480316,0.09917657945045821,0.03516260396916502,0.0,0.0,0.0,0.0,0.0,0.0,0.008114444300503287,0.0,0.0,0.013524079834325875,0.0,0.0,0.0,0.0,0.0,0.0,0.0,0.0,0.0,0.0,0.0,0.0,0.0,0.0,0.0,0.0,0.0,0.0,0.0,0.0,0.0,0.0,0.0,0.0,0.0,0.0,0.0,0.0,0.0,0.0,0.0,0.0,0.0,0.0,0.0,0.0,0.0,0.0,0.0,0.0,0.0,0.0,0.0,0.0,0.0,0.0,0.0,0.0,0.0,0.0
20.099999999999973,0.0,0.0,0.0,0.0,0.0,0.0,0.0,0.0,0.0,0.0,0.0,0.0,0.0,0.0,0.0,0.0,0.0,0.0,0.0,0.03335938612439045,0.0,0.029752971435417632,0.0,0.0,0.01622890360140255,0.061309160715589874,0.0,0.0,0.0,0.0,0.0,0.0,0.0,0.0,0.0,0.0,0.0,0.0,0.0,0.0,0.0,0.0,0.0,0.0,0.0,0.0,0.0,0.0,0.0,0.0,0.0,0.0,0.0,0.0,0.0,0.0,0.0,0.0,0.0,0.0,0.0,0.0,0.0,0.0,0.0,0.0,0.0,0.0,0.0,0.0,0.0,0.0,0.0,0.0,0.0,0.0,0.0,0.0,0.0
20.19999999999997,0.0,0.0,0.0,0.0,0.0,0.0,0.0,0.0,0.0,0.0,0.0,0.0,0.0,0.0,0.0,0.0,0.0,0.0,0.07122679886023617,0.061309148714710195,0.0,0.0,0.0,0.0,0.0,0.014425688756144282,0.0,0.0,0.0,0.0,0.0,0.0,0.0,0.0,0.0,0.0,0.0,0.0,0.0,0.0,0.0,0.0,0.0,0.0,0.0,0.0,0.0,0.0,0.0,0.0,0.0,0.0,0.0,0.0,0.0,0.0,0.0,0.0,0.0,0.0,0.0,0.0,0.0,0.0,0.0,0.0,0.0,0.0,0.0,0.0,0.0,0.0,0.0,0.0,0.0,0.0,0.0,0.0,0.0
20.29999999999997,0.0,0.0,0.0,0.0,0.0,0.0,0.0,0.0,0.0,0.0,0.0,0.0,0.0,0.0,0.0,0.0,0.0,0.0,0.0,0.0,0.0,0.08024287608374832,0.0,0.06671878124864722,0.0,0.0,0.0,0.0,0.0,0.0,0.0,0.0,0.0,0.0,0.0,0.0,0.0,0.0,0.0,0.0,0.0,0.0,0.0,0.0,0.0,0.0,0.0,0.0,0.0,0.0,0.0,0.0,0.0,0.0,0.0,0.0,0.0,0.0,0.0,0.0,0.0,0.0,0.0,0.0,0.0,0.0,0.0,0.0,0.0,0.0,0.0,0.0,0.0,0.0,0.0,0.0,0.0,0.0,0.0
