ymin,97.3,97.39999999999999,97.49999999999999,97.59999999999998,97.69999999999997,97.79999999999997,97.89999999999996,97.99999999999996,98.09999999999995,98.19999999999995,98.29999999999994,98.39999999999993,98.49999999999993,98.59999999999992,98.69999999999992,98.79999999999991,98.8999999999999,98.9999999999999,99.0999999999999,99.19999999999989,99.29999999999988,99.39999999999988,99.49999999999987,99.59999999999987,99.69999999999986,99.79999999999986,99.89999999999985,99.99999999999984,100.09999999999984,100.19999999999983,100.29999999999983,100.39999999999982,100.49999999999982,100.59999999999981,100.6999999999998,100.7999999999998,100.89999999999979,100.99999999999979,101.09999999999978,101.19999999999978,101.29999999999977,101.39999999999976,101.49999999999976,101.59999999999975,101.69999999999975,101.79999999999974,101.89999999999974,101.99999999999973,102.09999999999972,102.19999999999972,102.29999999999971,102.39999999999971,102.4999999999997,102.5999999999997,102.69999999999969,102.79999999999968,102.89999999999968,102.99999999999967,103.09999999999967,103.19999999999966,103.29999999999966,103.39999999999965,103.49999999999964,103.59999999999964,103.69999999999963,103.79999999999963,103.89999999999962,103.99999999999962,104.09999999999961,104.1999999999996,104.2999999999996,104.3999999999996,104.49999999999959,104.59999999999958,104.69999999999958,104.79999999999957,104.89999999999957,104.99999999999956,105.09999999999955,105.19999999999955,105.29999999999954,105.39999999999954,105.49999999999953
11.8,0.0,0.0,0.0,0.0,0.0,0.0,0.0,0.0,0.0,0.0,0.0,0.0,0.0,0.0,0.0,0.0,0.0,0.0,0.0,0.0,0.0,0.0,0.0,0.012622464911788187,0.0,0.0,0.0,0.0,0.0,0.0,0.0,0.0,0.0,0.0,0.0,0.0,0.0,0.0,0.0,0.0,0.0,0.0,0.0,0.0,0.0,0.0,0.0,0.0,0.0,0.0,0.0,0.0,0.0,0.0,0.0,0.0,0.0,0.0,0.0,0.0,0.0,0.0,0.0,0.0,0.0,0.0,0.0,0.0,0.0,0.0,0.0,0.0,0.0,0.0,0.0,0.0,0.0,0.0,0.0,0.0,0.0,0.0,0.0
11.9,0.0,0.0,0.0,0.0,0.0,0.0,0.0,0.0,0.0,0.0,0.0,0.0,0.0,0.0,0.0,0.0,0.0,0.0,0.0,0.0,0.0,0.0,0.0,0.0,0.0,0.0,0.0,0.0,0.0,0.0,0.0,0.0,0.0,0.0,0.0,0.0,0.0,0.0,0.0,0.0,0.0,0.0,0.0,0.0,0.0,0.0,0.0,0.0,0.0,0.0,0.0,0.0,0.0,0.0,0.0,0.0,0.0,0.0,0.0,0.0,0.0,0.0,0.0,0.0,0.0,0.0,0.0,0.0,0.0,0.0,0.0,0.0,0.0,0.0,0.0,0.0,0.0,0.0,0.0,0.0,0.0,0.0,0.0
12.0,0.0,0.0,0.0,0.0,0.0,0.0,0.0,0.0,0.0,0.0,0.0,0.0,0.0,0.0,0.0,0.0,0.0,0.0,0.0,0.0,0.0,0.0,0.0,0.0,0.0,0.0,0.0,0.0,0.0,0.0,0.0,0.0,0.0,0.0,0.0,0.0,0.0,0.0,0.0,0.0,0.0,0.0,0.0,0.0,0.0,0.0,0.0,0.0,0.0,0.0,0.0,0.0,0.0,0.0,0.0,0.0,0.0,0.0,0.0,0.0,0.0,0.0,0.0,0.0,0.0,0.0,0.0,0.0,0.0,0.0,0.0,0.0,0.0,0.0,0.0,0.0,0.0,0.0,0.0,0.0,0.0,0.0,0.0
12.1,0.0,0.0,0.0,0.0,0.0,0.0,0.0,0.0,0.0,0.0,0.0,0.0,0.0,0.0,0.0,0.0,0.0,0.0,0.0,0.0,0.0,0.0,0.0,0.0,0.0,0.0,0.0,0.0,0.0,0.0,0.0,0.0,0.0,0.0,0.0,0.0,0.0,0.0,0.0,0.0,0.0,0.0,0.0,0.0,0.0,0.0,0.0,0.0,0.0,0.0,0.0,0.0,0.0,0.0,0.0,0.0,0.0,0.0,0.0,0.0,0.0,0.0,0.0,0.0,0.0,0.0,0.0,0.0,0.0,0.0,0.0,0.0,0.0,0.0,0.0,0.0,0.0,0.0,0.0,0.0,0.0,0.0,0.0
12.2,0.0,0.0,0.0,0.0,0.0,0.0,0.0,0.0,0.0,0.0,0.0,0.0,0.0,0.0,0.0,0.0,0.0,0.0,0.0,0.0,0.0,0.0,0.0,0.0,0.0,0.0,0.0,0.0,0.0,0.0,0.0,0.0,0.0,0.0,0.0,0.0,0.0,0.0,0.0,0.0,0.0,0.0,0.0,0.0,0.0,0.0,0.0,0.0,0.0,0.0,0.0,0.0,0.0,0.0,0.0,0.0,0.0,0.0,0.0,0.0,0.0,0.0,0.0,0.0,0.0,0.0,0.0,0.0,0.0,0.0,0.0,0.0,0.0,0.0,0.0,0.0,0.0,0.0,0.0,0.0,0.0,0.0,0.0
12.299999999999999,0.0,0.0,0.0,0.0,0.0,0.0,0.0,0.0,0.0,0.0,0.0,0.0,0.0,0.0,0.0,0.0,0.0,0.0,0.0,0.0,0.0,0.0,0.0,0.0,0.0,0.0,0.0,0.0,0.0,0.0,0.0,0.0,0.0,0.0,0.0,0.0,0.0,0.0,0.0,0.0,0.0,0.0,0.0,0.0,0.0,0.0,0.0,0.0,0.0,0.0,0.0,0.0,0.0,0.0,0.0,0.0,0.0,0.0,0.0,0.0,0.0,0.0,0.0,0.0,0.0,0.0,0.0,0.0,0.0,0.0,0.0,0.0,0.0,0.0,0.0,0.0,0.0,0.0,0.0,0.0,0.0,0.0,0.0
12.399999999999999,0.0,0.0,0.0,0.0,0.0,0.0,0.0,0.0,0.0,0.0,0.0,0.0,0.0,0.0,0.0,0.0,0.0,0.0,0.0,0.0,0.0,0.0,0.0,0.0,0.0,0.0,0.0,0.0,0.0,0.0,0.0,0.0,0.0,0.0,0.0,0.0,0.0,0.0,0.0,0.0,0.0,0.0,0.0,0.0,0.0,0.0,0.0,0.0,0.0,0.0,0.0,0.0,0.0,0.0,0.0,0.0,0.0,0.0,0.0,0.0,0.0,0.0,0.0,0.0,0.0,0.0,0.0,0.0,0.0,0.0,0.0,0.0,0.0,0.0,0.0,0.0,0.0,0.0,0.0,0.0,0.0,0.0,0.0
12.499999999999998,0.0,0.0,0.0,0.0,0.0,0.0,0.0,0.0,0.0,0.0,0.0,0.0,0.0,0.0,0.0,0.0,0.0,0.0,0.0,0.0,0.0,0.0,0.0,0.0,0.0,0.014425679756477574,0.0,0.0,0.0,0.0,0.0,0.0,0.0,0.0,0.0,0.0,0.0,0.0,0.0,0.0,0.0,0.0,0.0,0.0,0.0,0.0,0.0,0.0,0.0,0.0,0.0,0.0,0.0,0.0,0.0,0.0,0.0,0.0,0.0,0.0,0.0,0.0,0.0,0.0,0.0,0.0,0.0,0.0,0.0,0.0,0.0,0.0,0.0,0.0,0.0,0.0,0.0,0.0,0.0,0.0,0.0,0.0,0.0
12.599999999999998,0.0,0.0,0.0,0.0,0.0,0.0,0.0,0.0,0.0,0.0,0.0,0.0,0.0,0.0,0.0,0.0,0.0,0.0,0.0,0.0,0.0,0.0,0.0,0.0,0.0,0.0,0.0,0.0,0.0,0.0,0.0,0.0,0.0,0.0,0.0,0.0,0.0,0.0,0.0,0.0,0.0,0.0,0.0,0.0,0.0,0.0,0.0,0.0,0.0,0.0,0.0,0.0,0.0,0.0,0.0,0.0,0.0,0.0,0.0,0.0,0.0,0.0,0.0,0.0,0.0,0.0,0.0,0.0,0.0,0.0,0.0,0.0,0.0,0.0,0.0,0.0,0.0,0.0,0.0,0.0,0.0,0.0,0.0
12.699999999999998,0.0,0.0,0.0,0.0,0.0,0.0,0.0,0.0,0.0,0.0,0.0,0.0,0.0,0.0,0.0,0.0,0.0,0.0,0.0,0.0,0.0,0.0,0.0,0.2803992018290292,0.0,6.854520431057021,0.1648867256549032,0.0,0.0,0.0,0.0,0.0,0.0,0.0,0.0,0.0,0.0,0.0,0.0,0.0,0.0,0.0,0.0,0.0,0.0,0.0,0.0,0.0,0.0,0.0,0.0,0.0,0.0,0.0,0.0,0.0,0.0,0.0,0.0,0.0,0.0,0.0,0.0,0.0,0.0,0.0,0.0,0.0,0.0,0.0,0.0,0.0,0.0,0.0,0.0,0.0,0.0,0.0,0.0,0.0,0.0,0.0,0.0
12.799999999999997,0.0,0.0,0.0,0.0,0.0,0.0,0.0,0.0,0.0,0.0,0.0,0.0,0.0,0.0,0.0,0.0,0.0,0.0,0.0,0.0,0.0,0.0,0.0,0.057702746026427436,1.4119137462762954,3.2002881992795493,0.0,0.0,0.0,0.0,0.0,0.0,0.0,0.0,0.0,0.0,0.0,0.0,0.0,0.0,0.0,0.0,0.0,0.0,0.0,0.0,0.0,0.0,0.0,0.0,0.0,0.0,0.0,0.0,0.0,0.0,0.0,0.0,0.0,0.0,0.0,0.0,0.0,0.0,0.0,0.0,0.0,0.0,0.0,0.0,0.0,0.0,0.0,0.0,0.0,0.0,0.0,0.0,0.0,0.0,0.0,0.0,0.0
12.899999999999997,0.0,0.0,0.0,0.0,0.0,0.0,0.0,0.0,0.0,0.0,0.0,0.0,0.0,0.0,0.0,0.0,0.0,0.0,0.0,0.0,0.0,0.0,0.0,4.149947566553102,0.10470545664273173,0.0,0.0,0.0,0.0,0.0,0.0,0.0,0.0,0.0,0.0,0.0,0.0,0.0,0.0,0.0,0.0,0.0,0.0,0.0,0.0,0.0,0.0,0.0,0.0,0.0,0.0,0.0,0.0,0.0,0.0,0.0,0.0,0.0,0.0,0.0,0.0,0.0,0.0,0.0,0.0,0.0,0.0,0.0,0.0,0.0,0.0,0.0,0.0,0.0,0.0,0.0,0.0,0.0,0.0,0.0,0.0,0.0,0.0
12.999999999999996,0.0,0.0,0.0,0.0,0.0,0.0,0.0,0.0,0.0,0.0,0.0,0.0,0.0,0.0,0.0,0.0,0.0,0.0,0.0,0.0,0.0,0.0,0.0,5.42219287981491,7.934979928764991,0.7047333880140427,0.0,0.0,0.0,0.0,0.0,0.0,0.0,0.0,0.0,0.0,0.0,0.0,0.0,0.0,0.0,0.0,0.0,0.0,0.0,0.0,0.0,0.0,0.0,0.0,0.0,0.0,0.0,0.0,0.0,0.0,0.0,0.0,0.0,0.0,0.0,0.0,0.0,0.0,0.0,0.0,0.0,0.0,0.0,0.0,0.0,0.0,0.0,0.0,0.0,0.0,0.0,0.0,0.0,0.0,0.0,0.0,0.0
13.099999999999996,0.0,0.0,0.0,0.0,0.0,0.0,0.0,0.0,0.0,0.0,0.0,0.0,0.0,0.0,0.0,0.0,0.0,0.0,0.0,0.0,0.0,0.0,0.0,3.143561187179485,2.4446064322985683,0.13263358669744016,0.0,0.0,0.0,0.0,0.0,0.0,0.0,0.0,0.0,0.0,0.0,0.0,0.0,0.0,0.0,0.0,0.0,0.0,0.0,0.0,0.0,0.0,0.0,0.0,0.0,0.0,0.0,0.0,0.0,0.0,0.0,0.0,0.0,0.0,0.0,0.0,0.0,0.0,0.0,0.0,0.0,0.0,0.0,0.0,0.0,0.0,0.0,0.0,0.0,0.0,0.0,0.0,0.0,0.0,0.0,0.0,0.0
13.199999999999996,0.0,0.0,0.0,0.0,0.0,0.0,0.0,0.0,0.0,0.0,0.0,0.0,0.0,0.0,0.0,0.0,0.0,0.0,0.0,0.0,0.0,0.0,0.009016050222805386,1.3269023321766165,2.651620962406341,0.0,0.0,0.0,0.0,0.0,0.0,0.0,0.0,0.0,0.0,0.0,0.0,0.0,0.0,0.0,0.0,0.0,0.0,0.0,0.0,0.0,0.0,0.0,0.0,0.0,0.0,0.0,0.0,0.0,0.0,0.0,0.0,0.0,0.0,0.0,0.0,0.0,0.0,0.0,0.0,0.0,0.0,0.0,0.0,0.0,0.0,0.0,0.0,0.0,0.0,0.0,0.0,0.0,0.0,0.0,0.0,0.0,0.0
13.299999999999995,0.0,0.0,0.0,0.0,0.0,0.0,0.0,0.0,0.0,0.0,0.0,0.0,0.0,0.0,0.0,0.0,0.0,0.0,0.0,0.0,0.0,0.0,0.6809171801995857,2.6327047998972293,0.0,0.0,0.0,0.0,0.0,0.0,0.0,0.0,0.0,0.0,0.0,0.0,0.0,0.0,0.0,0.0,0.0,0.0,0.0,0.0,0.0,0.0,0.0,0.0,0.0,0.0,0.0,0.0,0.0,0.0,0.0,0.0,0.0,0.0,0.0,0.0,0.0,0.0,0.0,0.0,0.0,0.0,0.0,0.0,0.0,0.0,0.0,0.0,0.0,0.0,0.0,0.0,0.0,0.0,0.0,0.0,0.0,0.0,0.0
13.399999999999995,0.0,0.0,0.0,0.0,0.0,0.0,0.0,0.0,0.0,0.0,0.0,0.0,0.0,0.0,0.0,0.0,0.0,0.0,0.0,0.8565248821533358,0.0,0.0,0.051391486570001234,0.1419259262558862,0.0,0.0,0.0,0.0,0.0,0.0,0.0,0.0,0.0,0.0,0.0,0.0,0.0,0.0,0.0,0.0,0.0,0.0,0.0,0.0,0.0,0.0,0.0,0.0,0.0,0.0,0.0,0.0,0.0,0.0,0.0,0.0,0.0,0.0,0.0,0.0,0.0,0.0,0.0,0.0,0.0,0.0,0.0,0.0,0.0,0.0,0.0,0.0,0.0,0.0,0.0,0.0,0.0,0.0,0.0,0.0,0.0,0.0,0.0
13.499999999999995,0.0,0.0,0.0,0.0,0.0,0.0,0.0,0.0,0.0,0.0,0.0,0.0,0.0,0.0,0.0,0.0,0.0,0.0,0.0,0.0,0.0,0.0,0.0,0.06130915471543947,0.0,0.0,0.0,0.0,0.0,0.0,0.0,0.0,0.0,0.0,0.0,0.0,0.0,0.0,0.0,0.0,0.0,0.0,0.0,0.0,0.0,0.0,0.0,0.0,0.0,0.0,0.0,0.0,0.0,0.0,0.0,0.0,0.0,0.0,0.0,0.0,0.0,0.0,0.0,0.0,0.0,0.0,0.0,0.0,0.0,0.0,0.0,0.0,0.0,0.0,0.0,0.0,0.0,0.0,0.0,0.0,0.0,0.0,0.0
13.599999999999994,0.0,0.0,0.0,0.0,0.0,0.0,0.0,0.0,0.0,0.0,0.0,0.0,0.0,0.0,0.0,0.0,0.0,0.0,0.10819261167184431,0.05139150156907979,0.0,0.08565249661604715,0.0,0.0,0.0,0.0,0.0,0.0,0.0,0.0,0.0,0.0,0.0,0.0,0.0,0.0,0.0,0.0,0.0,0.0,0.0,0.0,0.0,0.0,0.0,0.0,0.0,0.0,0.0,0.0,0.0,0.0,0.0,0.0,0.0,0.0,0.0,0.0,0.0,0.0,0.0,0.0,0.0,0.0,0.0,0.0,0.0,0.0,0.0,0.0,0.0,0.0,0.0,0.0,0.0,0.0,0.0,0.0,0.0,0.0,0.0,0.0,0.0
13.699999999999994,0.0,0.0,0.0,0.0,0.0,0.0,0.0,0.0,0.0,0.0,0.0,0.0,0.0,0.0,0.0,0.0,0.0,0.0,0.5797321370176257,1.032338037007086,0.0,0.04688348095892267,0.0,0.0,0.0,0.0,0.0,0.0,0.0,0.0,0.0,0.0,0.0,0.0,0.0,0.0,0.0,0.0,0.0,0.0,0.0,0.0,0.0,0.0,0.0,0.0,0.0,0.0,0.0,0.08294765184709672,0.0,0.0,0.25232508679058807,0.7695145750896829,0.0,0.0,0.0,0.0,0.0,0.0,0.0,0.0,0.0,0.0,0.0,0.0,0.0,0.0,0.0,0.0,0.0,0.0,0.0,0.0,0.0,0.0,0.0,0.0,0.0,0.0,0.0,0.0,0.0
13.799999999999994,0.0,0.0,0.0,0.0,0.0,0.0,0.0,0.0,0.0,0.0,0.0,0.0,0.0,0.0,0.0,0.0,0.0,0.0,0.27679279313564575,0.06401398748123471,0.0,0.0,0.0,0.0,0.0,0.0,0.0,0.0,0.0,0.0,0.0,0.0,0.0,0.0,0.0,0.0,0.0,0.0,0.0,0.0,0.0,0.0,0.0,0.0,0.0,0.0,0.0,0.0,0.0,0.0,0.0,0.07753805231668164,0.0,0.40520270092423,0.0,0.0,0.0,0.0,0.0,0.0,0.0,0.0,0.0,0.0,0.0,0.0,0.0,0.0,0.0,0.0,0.0,0.0,0.0,0.0,0.0,0.0,0.0,0.0,0.0,0.0,0.0,0.0,0.0
13.899999999999993,0.0,0.0,0.0,0.0,0.0,0.0,0.0,0.0,0.0,0.0,0.0,0.0,0.0,0.0,0.0,0.0,0.0,0.075896630712143,0.23081090610136915,0.14351702088413562,0.0,0.0,0.05319471041494617,0.0,0.0,0.0,0.0,0.0,0.0,0.0,0.0,0.0,0.0,0.0,0.0,0.0,0.0,0.0,0.0,0.0,0.0,0.0,0.0,0.0,0.0,0.0,0.0,0.0,0.0,0.0,0.03245779219994398,0.0,0.0,2.1210950622867433,0.0,2.6369450709908806,0.0,0.0,0.0,0.0,0.0,0.0,0.0,0.0,0.0,0.0,0.0,0.0,0.0,0.0,0.0,0.0,0.0,0.0,0.0,0.0,0.0,0.0,0.0,0.0,0.0,0.0,0.0
13.999999999999993,0.0,0.0,0.0,0.0,0.0,0.0,0.0,0.0,0.0,0.0,0.0,0.0,0.0,0.0,0.0,0.0,0.21313661294178687,3.689561435534786,0.033359386123262676,0.4069515315437096,0.19925477682582482,0.0,0.0,0.0,0.0,0.0,0.0,0.0,0.0,0.0,0.0,0.0,0.0,0.0,0.0,0.0,0.0,0.0,0.0,0.0,0.0,0.0,0.0,0.0,0.0,0.0,0.0,0.0,0.0,0.0,0.0,0.0,0.0,0.009016047222730186,0.0,0.0,0.0,0.0,0.0,0.0,0.0,0.0,0.0,0.0,0.0,0.0,0.0,0.0,0.0,0.0,0.0,0.0,0.0,0.0,0.0,0.0,0.0,0.0,0.0,0.0,0.0,0.0,0.0
14.099999999999993,0.0,0.0,0.0,0.0,0.0,0.0,0.0,0.0,0.0,0.0,0.0,0.0,0.0,0.0,0.0,0.5662704409048865,2.812936897821112,1.5570264123311697,0.42471376918016307,2.177731071585113,0.6500573689559991,0.0,0.0,0.0,0.0,0.0,0.0,0.0,0.0,0.0,0.0,0.0,0.0,0.0,0.0,0.0,0.0,0.0,0.0,0.0,0.0,0.0,0.0,0.0,0.0,0.0,0.0,0.0,0.0,0.0,0.0,0.0,0.0,0.0,0.0,0.0,0.0,0.0,0.0,0.0,0.0,0.0,0.0,0.0,0.0,0.0,0.0,0.0,0.0,0.0,0.0,0.0,0.0,0.0,0.0,0.0,0.0,0.0,0.0,0.0,0.0,0.0,0.0
14.199999999999992,0.0,0.0,0.0,0.0,0.0,0.0,0.0,0.0,0.0,0.0,0.0,0.0,0.0,0.0,0.01983531529030016,4.696647941609907,6.977874709121602,0.8472150343294635,1.7910682916483547,5.029551256101737,6.609407614935304,0.09044854520580647,0.0,0.0,0.0,0.0,0.0,0.0,0.0,0.0,0.0,0.0,0.0,0.0,0.0,0.0,0.0,0.0,0.0,0.0,0.0,0.0,0.0,0.0,0.0,0.0,0.0,0.0,0.0,0.0,0.2686783548366402,0.0,0.27589119321579947,0.0,0.0,0.0,0.0,0.05589952518138803,0.0,0.0,0.0,0.0,0.0,0.0,0.0,0.0,0.0,0.0,0.0,0.0,0.0,0.0,0.0,0.0,0.0,0.0,0.0,0.15778089539785617,0.0,0.0,0.0,0.0,0.0
14.299999999999992,0.0,0.0,0.0,0.0,0.0,0.0,0.0,0.0,0.0,0.0,0.0,0.0,0.0,0.0,1.0592430897440186,1.4183680676641808,0.7188178034292702,0.0,0.0,7.0940978884374655,3.970021594601546,0.39377096311350446,0.0,0.0,0.0,0.4496678947671159,0.0,0.0,0.0,0.0,0.0,0.0,0.0,0.0,0.0,0.0,0.0,0.0,0.0,0.0,0.0,0.06868910626730619,0.0,0.0,0.0,0.0,0.0,0.0,0.581702498039862,0.14966647509969105,0.0,0.0,0.0,0.0,0.0,0.0,0.0,0.0622107816365813,0.0,0.0,0.0,0.0,0.0,0.0,0.0,0.0,0.0,0.0,0.0,0.0,0.04147912329398609,0.16517084796388812,0.29868246749285027,0.08021174059650853,0.0,0.0,0.023449312700941048,0.0,0.011658860196782084,0.1767766245579668,0.0,0.0,0.0
14.399999999999991,0.0,0.0,0.0,0.0,0.0,0.0,0.0,0.0,0.0,0.0,0.0,0.0,0.0,0.17491140192281301,0.8628362196179051,0.02885138351358671,1.8894642511136936,0.1672359993238068,0.0,0.0,1.6133389388750539,0.32277470717558926,0.0,0.0,0.0,0.6800434558451494,0.0,0.0,0.0,0.0,0.0,0.0,0.0,0.0,0.0,0.0,0.24072859524868112,0.0,0.0,0.0,0.13343757449760524,0.15310576761362504,0.0,0.0,0.03696581881384442,0.0,0.0,0.19887150498936168,0.7305163407006658,0.04417866019213079,0.0,0.0,0.0,0.0,0.536455082755921,0.0,0.0,0.4237544054667137,0.0,0.0,0.0,0.0,0.0,0.19785815998940331,0.0,0.0,0.0,0.0,0.0,0.0,0.3847872720026826,0.0,0.4057862781574924,1.930272743451043,0.10548781190749507,0.15687931047726816,0.8778922199632101,0.7260634707602907,0.0,1.1414322666045773,0.011720864989646472,0.009551083568853331,0.0
14.499999999999991,0.0,0.0,0.0,0.0,0.0,0.0,0.0,0.0,0.0,0.0,0.0,0.0,0.24974462147163348,1.106979088030576,0.08475289875051072,0.21026412735964498,2.052816273277149,0.0,5.861514378758226,6.157645806731133,4.143581480139495,0.0,0.6132811899948192,0.1494767902459878,0.0,2.0385294092667565,0.0,0.0,0.0,0.0,0.0,0.0,0.0,0.0,0.0,0.0,0.0,0.007212841378276387,0.0,0.0,0.0,0.0,0.0,0.0,0.0,0.024343335901016182,2.182786179824328,0.0,0.009016050222805386,0.0,0.0,0.0,0.0,0.0,0.0,0.0,0.06040756079344815,0.0,0.0,0.0,0.0,0.0,0.0,0.0,0.0,0.0,0.0,0.0,0.0,0.0,0.0056077503402547505,0.0,0.0,0.0,0.0,0.0,0.0,0.0,0.0,0.077538058316852,0.30065632723759256,1.0174648213149613,0.0
14.59999999999999,0.0,0.0,0.0,0.0,0.0,0.0,0.0,0.0,0.0,0.0,0.0,0.0,0.06491556040417669,0.021638524134260283,0.0,0.0,7.339550279741313,1.1425754752888917,5.083241020843783,1.0140250433045928,4.7568248121892305,0.8529185214724138,0.364151466807327,0.4480977893701207,0.0,0.0,0.0,0.0,0.0,0.0,0.0,0.0,0.0,0.0,0.0,0.0,0.03606420989146712,0.0,0.007212844378351588,0.0,0.0,0.0,0.0,0.0,0.0,0.16228893700591487,0.0,0.0,0.0,0.0,0.0,0.0,0.0,0.0,0.0,0.0,0.0,0.0,0.0,0.0,0.0,0.0,0.0,0.0,0.0,0.0,0.0,0.0,0.0,0.0,0.0,0.0,0.0,0.0,0.0,0.0,0.0,0.0,0.0,0.0,0.0,2.346346063756326,0.0
14.69999999999999,0.0,0.0,0.0,0.0,0.0,0.0,0.0,0.0,0.0,0.0,0.0,0.13163434765336357,0.0,1.8448567478629343,0.0,0.2551542690042498,21.75880826748113,2.827838237785655,4.216555749847848,2.750168862232107,0.43168767917667095,1.172988389886608,1.971811563035217,0.0595059188686867,0.0,0.0,0.0,0.0,0.0,0.0,0.0,0.0,0.0,0.0,0.0,0.0,0.0,0.0,0.0,0.0,0.0,0.0,0.0,0.0,0.3692694457546224,0.493566764863586,0.0,0.0,0.0,0.0,0.0,0.0,0.0,0.0,0.0,0.0,0.0,0.0,0.0,0.0,0.0,0.0,0.0,0.0,0.0,0.0,0.0,0.0,0.0,0.0,0.0,0.0,0.0,0.0,0.0,0.0,0.0,0.0,0.0,0.0,0.0,0.5116559304835726,0.07538844244328749
14.79999999999999,0.0,0.0,0.0,0.0,0.0,0.0,0.0,0.0,0.0,0.3894934734255572,0.0,0.0,0.9084299154897648,4.244973120335344,0.0,0.7183728957124301,4.922779366163405,18.57454891459203,29.343010374429024,7.86361522686726,1.7383546709353412,3.5272475929456095,0.8602168493173324,0.0,0.0,0.0,0.0,0.0,0.0,0.0,0.0,0.0,0.0,0.0,0.0,0.0,0.0,0.0,0.0,0.0,0.0,0.0,0.0,0.9971753880388193,0.0,0.0,0.0,0.0,0.0,0.029262580227047207,0.4007080489622472,0.0,0.0,0.0,0.0,0.0,0.0,0.0,0.0,0.0,0.0,0.009016053222890572,0.0,0.0,0.0,0.0,0.0,0.0,0.0,0.0,0.0,0.0,0.0,0.0,0.0,0.0,0.0,0.0,0.0,0.0,0.0,0.17329406318621882,0.8969923442469313
14.89999999999999,0.0,0.0,0.0,0.0,0.0,0.0,0.0,0.0,0.0,0.0,0.0,0.0,0.0,0.19114029652226336,0.22027586579820332,6.83288109681169,2.412856475570525,25.55267710134409,15.580549589361759,7.442346148311028,2.6802607486326724,0.3054866519321592,0.0,0.0,0.0,0.0,0.0,0.0,0.0,0.0,0.0,0.0,0.0,0.005409632533747387,0.010819259067334388,0.004234364126695963,0.16256261149514678,0.0,0.0,0.027949756590728247,0.0,0.0,0.2235980467222523,0.0,0.0,0.0,0.0,0.0,0.0,0.5121730104311208,3.6160770742839077,0.0,0.0,0.0,0.0,0.0,0.0081144383003429,0.0,0.0,0.0,0.0,0.0,0.0,0.0,0.0,0.0,0.0,0.0,0.0,0.0,0.0,0.0,0.0,0.0,0.0,0.0,0.0,0.0,0.0,0.0,0.0,1.2937894109970625,3.9210187062185975
14.99999999999999,0.0,0.0,0.0,0.0,0.0,0.0,0.0,0.0,0.0,0.0,0.0,0.0,0.0,0.0,0.09061041374883991,0.4990394154135083,1.2846122969450309,4.387330898820865,6.888996473380679,8.493916808289715,9.691447581838075,1.147140517926311,0.0,0.012622464911788187,0.0,0.019835306290064574,0.032457795201725814,0.0,0.0,0.0,0.0,0.0,0.0,0.0,0.0,0.025244941823897145,0.27228478752801055,0.01532728867886486,0.0,0.0,0.06040754879313737,0.0,0.0,0.0,0.0,0.0,0.0,0.0,0.0,0.0,0.5665032383119045,0.0,0.0,0.0,0.0,0.0,0.0,0.0,0.0,0.010051254169982303,0.0007680078974372694,0.02163852113418508,0.0,0.0,0.0,0.0,0.0,0.0,0.0,0.0,0.0,0.0,0.0,0.0,0.0,0.0,0.0,0.0,0.0,0.0,0.0,0.40631504266279256,0.7160207311398146
15.099999999999989,0.0,0.0,0.0,0.0,0.0,0.0,0.0,0.0,0.0,0.03426100404454818,0.0,0.009016053222880589,0.3263811038627836,0.0,0.0,1.0367790237536312,4.444691768662361,0.0,0.0,7.123496187633783,1.1299214223906122,4.390754210857751,0.018933703367837673,0.5580936248885766,0.0,0.0,0.0,0.0,0.0,0.0,0.0,0.0,0.0,0.013524073833406983,0.0,0.0,0.09647175568263301,0.03155618628010702,0.0,0.0,0.0,0.0,0.0,0.0,0.0,0.0,0.0,0.0,0.0,0.0,0.0,0.0,0.0,0.0,0.05319471041493618,0.0,0.0,0.0,0.0,0.0,0.0,0.06401396948227057,0.0,0.0,0.0,0.0,0.0,0.0,0.0,0.0,0.08294766684863046,0.0,0.005409629532724053,1.2342975655919746,0.0,0.0,0.0,0.0,0.0,0.0,0.0,0.4228528085446071,0.0
15.199999999999989,0.0,0.0,0.0,0.0,0.0,0.0,0.0,0.0,0.0,0.1342881992035526,0.2538682112902512,0.023350680360755646,0.0,0.0,0.0,4.274663101921294,1.0312991657139952,0.0,0.0,1.4290111394698706,1.9033242719357844,3.932465735296117,0.0,0.0,0.0,0.0,0.0,0.0,0.0,0.0,0.036064206890433805,0.026146553746349648,0.0005403682697762848,0.13614239226205635,0.0,0.22898229249522822,0.5185513075212426,0.6208827908122941,0.2420267810480836,0.009917653145032287,0.0,0.0,0.0,0.0,0.0,0.0,0.0,0.0,0.0,0.0,0.0,0.0,0.0,0.0,0.0,0.0,0.0,0.0,0.21277885365758034,0.15146967194124455,0.0,0.0,0.0,0.03426099804591479,0.02163851813373063,0.0,0.0,0.0,0.0,0.8474857715571897,0.07936436654106852,0.0,0.0,0.0,0.0,0.0,0.0,0.0,0.0,0.0009016059223021011,0.0,0.08463888192203788,0.879711488617487
15.299999999999988,0.0,0.0,0.0,0.0,0.0,0.0,0.0,0.0,0.0,0.01348753663614897,0.0,0.07582589308972185,0.0,0.26656480313663244,9.407574827022628,2.7176933298601553,0.22758072423431472,0.0,0.0,0.0,0.0,3.828488851033972,0.07032520193684226,0.0,0.0,0.0,0.020693429562549086,0.01537078632907842,0.0,0.0,0.0,0.0,0.024704570554035677,0.010819271067655161,0.0,0.8853793113958615,0.22269647680088264,0.19817401148256478,0.07934125815979806,0.0,0.0,0.0,0.0,0.0,0.0,0.0,0.0,0.0,0.008114447300578488,0.0,0.013524067834015087,0.0,0.0,0.0,0.0,0.0,0.049588292725868205,1.0774182101186789,0.0,0.0,0.0,0.0,0.0,0.0,0.01262247991218416,0.0,0.0,0.0,0.008114459300899261,0.0,0.0,0.0,0.0,0.0,0.0,0.0,0.0,0.0,0.0,0.0,0.09466854983797961,0.3561340602997015,0.37092693835197804
15.399999999999988,0.0,0.0,0.0,0.0,0.0,0.0,0.0,0.0,0.0,0.0,0.0,0.0,0.28753612217039054,2.76928638798717,1.8756123098103876,1.0467629528845126,0.0,0.784396549384639,0.0,0.0,0.0,0.8204607622716401,0.0,0.0,0.02885137751285744,0.0,0.14155200979865137,0.0,0.0,0.0,0.0,0.0,0.0,0.0,0.0,0.0928653349953861,0.015327282677945968,0.0,0.0,0.0,0.0,0.0,0.0,0.0,0.0,0.0,0.0,0.0,0.0,0.0,0.0,0.0,0.0,0.0,0.0,0.0,0.0,0.0,0.0,0.0,0.0,0.0,0.0,0.0,0.0,0.0,0.0,0.0,0.0,0.02704815966828248,0.0,0.010819256067259187,0.0,0.08835730538386562,0.0,0.0,0.0,0.0,0.0,0.0,0.011720870989796874,0.0,0.4304329695819999
15.499999999999988,0.0,0.0,0.0,0.0,0.0,0.0,0.0,0.0,0.0,0.0,0.0,0.0,0.0,0.4262737717040516,0.3976079177188447,0.10097980929667134,0.0,0.2731863994508421,0.0,0.0,2.1072626539616723,0.36965814613191217,0.0,0.0,0.0,0.0,2.2639306978338065,0.0,0.0,0.47625824600921596,0.009706965094321443,0.20917238796669035,0.0,0.0,0.013524079834335859,0.0,0.0,0.0,0.0,0.0,0.17941942553322499,0.0,0.0,0.0,0.0,0.0,0.0,0.0,0.0,0.0,0.0,0.012622470911948572,0.0,0.0,0.0,0.0,0.003102603199798518,0.007716661867696256,0.0,0.0,0.0,0.0,0.0,0.0,0.0,0.0,0.0,0.0,0.0,0.0,0.0,0.0,0.04508024211304283,0.0,0.0,0.046883498959593456,0.07122680186031138,0.0,0.0,0.0,0.0,0.11089744143964025,1.995786653268748
15.599999999999987,0.0,0.0,0.0,0.0,0.0,0.0,0.0,0.0,0.0,0.0,0.0,0.0,0.0,0.11023233078054186,0.12057860832206371,1.3441053297052534,0.2080236388443062,0.0,0.0,0.0,3.8180404202889235,1.5778554859326888,0.0,0.0,0.0,0.0,0.6039117561501397,0.0,0.3317907424000846,0.0,0.0,0.0,0.0,0.0,0.0,0.0,0.0,0.0,0.0,0.0,0.04598186603600573,0.0,0.0,0.0,0.09106211715061154,0.0,0.0,0.0,0.0,0.0,0.0,0.0,0.0,0.0,0.0,0.0,0.0,0.0,0.0,0.0,0.0,0.0,0.01622890360140255,0.0,0.0,0.0,0.0,0.9232436964144274,0.0,0.0,0.0,0.04057223050275202,0.0,0.0,0.0,0.0,0.01262247391069639,0.0,0.01622889760124216,0.1579653846360704,2.6085916806966556,3.011556684497225,0.933911931022856
15.699999999999987,0.0,0.0,0.0,0.0,0.0,0.0,0.0,0.0,0.0,0.0,0.0,0.0,0.0,0.0,0.0,0.6986579971931233,3.5260495540343206,1.0536385278097524,0.0,1.7419080450999964,3.6193220392409557,0.0,0.0,0.0,0.0,0.0,0.18138638715247807,0.0,0.0,0.0,0.0,0.0,0.0,0.0,0.0,0.0,0.012622485912344546,0.0,0.16319056093134293,0.07393163462762363,0.0,0.5130133977772672,0.2487569860722887,0.7708724365435673,0.0,0.0,0.0,0.0,0.0,0.0,0.0,0.0,0.0,0.0,0.0,0.0,0.0,0.10097979729636058,0.0,0.0,0.0,0.0,0.0,0.0,0.0,0.0,0.0,0.14155200979673516,0.0,0.0,0.0,0.0,0.0,0.0,0.0,0.0,0.0,0.0,0.03606423689217388,0.5617014282846275,0.07303003170425897,0.8015103036368992,0.8472334150022751
15.799999999999986,0.0,0.0,0.0,0.0,0.0,0.0,0.0,0.0,0.0,0.0,0.0,0.0,0.0,0.14425683956531957,0.9093258930463498,2.5175063857440265,0.17310822907658155,0.028851383513207457,0.0,13.018218665391572,4.1713479564021565,0.0,0.0,0.0,0.0,0.0,0.0,0.0,0.0,0.0,0.0,0.0,0.0,0.7440113965254698,0.0,0.0,0.0,0.015327279678619287,0.027048144667317628,0.22359810072612105,0.0,1.1472160235272861,4.315917735417962,0.38423625587539195,0.0,0.3505963945040614,0.08668214779544282,0.0,0.009917659145192673,0.0,0.0,0.0,0.0,0.0,0.0,0.0,0.01081927106765516,0.009917659145192673,0.0,0.980946457439534,0.7916093937557847,0.0,0.0,0.0,0.0,0.0,0.0,0.0,0.0,0.0,0.0,0.0,0.0,0.0,0.01893371536702069,0.0,0.0,0.0,0.010819265067494773,0.06605218747482296,0.08162527283161204,0.0,0.0
15.899999999999986,0.0,0.0,0.0,0.0,0.0,0.0,0.0,0.0,0.0,0.0,0.0,0.0,0.0,0.0,0.35045207387116545,1.938999018549116,0.1199134946630997,0.0,1.4668894880613836,8.890027207029846,1.8122018706412897,0.0,0.0,0.0,0.0,0.0,0.0,0.0,0.0,0.0,0.0,0.0,0.0,0.0268610160174857,0.08024288208201244,0.014425679756467589,0.16499373077502402,0.0,0.0,0.0,0.0,1.4214571730365164,0.9885430638490739,1.910366553357593,2.035575560395388,2.4386106004841825,16.705724931138576,2.5088215052540224,0.3299875005526026,0.007212841377897135,0.0,0.6786617245085053,0.09491551479837844,0.0,0.0,0.0,0.0,0.02794975659015936,0.0,0.0,0.0,0.0,0.0,0.0,0.0,0.0,0.0,0.0,0.31105380018521933,0.0,0.0,0.0,0.0,0.0,0.0,0.6212059854425814,0.19114029652398992,0.0,0.0,0.0,0.05409631333639459,0.0,0.0
15.999999999999986,0.0,0.0,0.0,0.0,0.0,0.0,0.0,0.0,0.0,0.0,0.0,0.0,0.0,0.0,0.1972630686231576,1.5599818226896565,0.3412327359976461,0.0,0.008594120355371894,2.861936801586648,0.45098269471647495,0.0,0.0,0.0,0.0,0.0,0.0,0.0,0.0,0.0,0.0,0.0,0.0,0.0,0.04508027511466848,0.08475089369382026,0.0,0.16769859054569783,0.0,0.0,0.0,0.21909005611289717,2.3883521561127803,0.12261830643079374,0.02344175097983932,0.3405578760554603,0.11911866341426026,2.3867874256499246,1.6021465335825191,4.754164251156805,0.0,0.0,0.0,0.011720870989796874,0.0,0.0,0.0,0.0,0.0,0.16048573116579257,0.0,0.0,0.0,0.0,0.0,0.0,0.0,0.0,0.013524091834646647,0.0,0.0,0.0,0.0,0.0,0.029752968434573944,0.0,0.6004690432362794,0.02794974759049266,0.5220294269953245,0.0441786631916471,0.0,0.0,0.0
16.099999999999987,0.0,0.0,0.0,0.0,0.0,0.0,0.0,0.0,0.0,0.0,0.0,0.0,0.0,0.0,0.15300604931473585,0.2001396209919485,0.08764685322885128,0.011720858989486086,0.0,0.0,0.0,0.0,0.0,0.0,0.0,0.0,0.0,0.0,0.0,0.0,0.0,0.0,0.0,0.06762039916803646,0.07753804631442536,0.30925059134183813,0.1219078203658369,0.0,0.3029393498834279,0.038769039657746064,0.0,0.46062877711144107,6.07715590426228,2.882366728584555,3.0900589174186557,4.747086503599018,1.519999673285007,0.0,1.6958380368823025,0.005409632533747387,0.14155200979653554,0.0,0.0,0.0,0.0387690246583082,0.0,0.0,0.0,0.0,0.008114444300503287,0.0,0.0,0.0,0.0,0.0,0.0,0.0,0.0,0.0,0.0,0.0,0.0,0.0,0.0066540232967373485,0.8318388394226092,0.0,0.029203175075894847,0.02128673557260621,0.0,0.0,0.0,0.0,0.0
16.199999999999985,0.0,0.0,0.0,0.0,0.0,0.0,0.0,0.0,0.0,0.0,0.0,0.0,0.0,0.0,0.0,0.05578481844569244,0.11137007902088313,0.04688346595815743,2.06184953840495,0.06557404533403423,0.0,0.0,0.0,0.0,0.0,0.0,0.0,0.0,0.0,0.0,0.0,0.0,0.0,0.02524493882343271,0.0,0.36415858501994514,0.524632987483145,0.13884721603008118,0.0,0.0,0.0,0.24635731180926512,1.6846357897532531,1.1086470990805666,0.010819265067494773,3.8024244108170304,0.0,0.32006984140610245,3.3515417512804317,0.0,0.0,0.34711801007481013,0.0,0.0,0.0,0.0,0.0,0.0,0.0,0.0,0.0,0.0,0.0,0.0,0.0,0.0,0.0,0.0,0.0,0.7762820720819509,0.17581300784150222,0.0,0.013524076833492169,0.2632687163050079,0.7564467957864308,0.0,0.0,0.0,0.0,0.0,0.0,0.0,0.0
16.299999999999983,0.0,0.0,0.0,0.0,0.0,0.0,0.0,0.0,0.0,0.0,0.0,0.0,0.0,0.0,0.008114444300503287,0.0,0.03101561920340861,0.0,6.45320761937822,6.888984887321236,0.0836087857890851,0.0,0.0,0.0,0.0,0.0,0.0,0.0,0.0,0.0,0.0,0.0,0.0,0.0,0.0,0.0,0.0,0.2957265235076334,0.0,0.0,0.0,0.0,0.016228903600833667,0.0,0.3362186797048997,1.9492703749486133,3.292662206154242,0.0,0.04343912393124047,0.0,0.0,0.7786090618361233,0.07340793472025019,0.0,0.0009016059223021011,0.0,0.0,0.0,0.0,0.0,0.0,0.0,0.0,0.0,0.0,0.0,0.0,0.0,0.0,0.0,0.0438853676846803,0.6178928662676016,0.0,0.028851365513105548,0.0,0.0,0.0,0.0,0.0,0.0,0.0,0.0,0.0
16.399999999999984,0.0,0.0,0.0,0.0,0.0,0.0,0.0,0.0,0.0,0.0,0.0,0.0,0.0,0.16377596976259648,0.19384513528954633,0.0,0.04688348095912228,0.010819265067494773,1.3135662055900656,1.3122228418850381,0.006311238455480608,0.0,0.0,0.0,0.0,0.0,0.0,0.0,0.0,0.0,0.0,0.0,0.0,0.0,0.0,0.0,0.0,0.0,0.009016050222426134,0.0,0.6058787297685859,0.0,0.0,0.08565251761717241,0.3390835830799505,6.294575354529847,0.03786742173531281,0.0,0.0,0.0,0.0,0.012622473912023775,0.10548780890437587,0.0,0.0,0.0,0.0,0.0,0.0,0.0,0.036064203890917496,0.12712636004124914,0.0,0.0,0.006829472831327883,0.17693990776532503,0.0,0.0,0.0,0.5431771440174782,0.12581394031350548,0.18392746114509548,0.13565457923463445,0.058190535055882515,0.04598186003394908,0.0,0.0,0.0,0.0,0.0,0.0,0.0,0.0
16.499999999999986,0.0,0.0,0.0,0.0,0.0,0.0,0.0,0.0,0.0,0.0,0.0,0.0,0.0,0.6989647892192984,0.0,0.18032099845333252,0.016228888600437693,0.027048150668426148,6.560372915358466,3.1684095520824695,2.1009190978672168,0.0,0.0,0.0,0.0,0.0,0.0,0.0,0.0,0.0,0.0,0.0,0.0,0.0,0.0,0.0,0.0,0.37730476442515865,2.7574608489349415,0.0,0.0,0.0,0.0,0.016613666660768057,0.14838007311601858,0.13837786390032109,0.001803208844529,0.0,0.0,0.6830265117732454,0.0,0.19294352036398463,0.07393162562548179,0.0,0.0,0.0,0.0,0.0,0.0,0.0,0.0,0.0,0.0,0.0,0.054254390883055253,0.029752974434544704,0.0,0.0,1.4290443038073313,2.7507174765499665,0.6059587020810222,0.5571920369669452,0.30113612904083364,0.0,0.0,0.0,0.0,0.0,0.0,0.0,0.0,0.0,0.0
16.599999999999984,0.0,0.0,0.0,0.0,0.0,0.0,0.0,0.0,0.0,0.0,0.0,0.0,0.0,0.38866986083098054,0.23281580474282035,4.62997215267733,0.8098684276425148,2.1448424988824972,3.2803974464982786,0.9406410478031203,0.5432543139906414,0.3251177255424096,0.008114444300124033,0.0,0.0,0.0,0.0,0.0,0.0,0.0,0.0,0.0,0.17400980199992275,0.0,1.395684923683341,0.0,0.0964717646847549,0.2136804265767498,0.7159902116710695,0.0,0.09557015575915395,0.0,0.0,0.07393163162753845,0.02794973859024709,0.0,0.0,0.0,0.0,3.4802058102985645,0.21315942264989327,0.02704816866889732,0.6031738430021356,2.67776748915404,0.0,0.0,0.0,0.0,0.0,0.0,0.0,0.0,0.0,0.0,0.0,0.0,0.4358813336540398,0.3317907003978441,0.04688347495782414,0.949390322153899,3.0072912570273655,1.1794990571165416,1.0397934091133212,1.0145796436740222,0.0,0.0,0.0,0.0,0.0,0.0,0.0,0.0,0.0
16.69999999999998,0.0,0.0,0.0,0.0,0.0,0.0,0.0,0.0,0.0,0.0,0.0,0.0,0.0,1.5130166683928874,7.703563160858002,4.727507102110078,1.2065492044037283,9.070707384284992,0.7353024273452412,6.61190975427753,9.61369317225936,0.5445695780547387,0.08114446100398705,0.0,0.0,0.0,0.0,0.0,0.0,0.0,0.0,0.0,0.14515844548741208,0.18933711767758815,1.3722431187043045,0.0,0.0,0.02524493882381196,3.812888466298715,0.0,2.9738935871933627,4.285925636237566,0.0,0.0,0.0,0.0,0.0,0.0,0.0,0.15146966894249672,0.48506355418575514,0.0,0.0,0.37797174643264075,0.0,0.0,0.10909422659380318,0.020736927211814516,0.0,0.0,0.0,0.0,0.0,0.0,0.0,1.0852210872607553,1.7760678718466953,0.0,0.7098911116997179,1.262821071240074,1.9297834883834981,2.317041475449594,1.2558953479463528,0.1365683071279873,0.0,0.0,0.0,0.0,0.0,0.0,0.0,0.0,0.0
16.799999999999983,0.0,0.0,0.0,0.0,0.0,0.0,0.0,0.0,0.0,0.0,0.0,0.0,0.0,0.6091698931164033,3.8650700387347823,2.264627154575186,16.10492148822731,9.548321991210392,1.6977226946451636,1.2788042965130946,4.571015758288753,1.3104459949751335,0.3470651994906618,4.633402084163616,0.0,0.0,0.0,0.0,0.0,0.0,0.0,2.1629509215351277,0.10729105075223716,1.1329864620352625,0.6458806156131306,0.0,0.0,0.0,0.1640921248519634,0.0,1.0920967108142494,2.1418423524423504,0.0,0.0,0.0,0.0486867048034684,0.009917659145192673,0.1712299330717831,0.0,0.009016053222880589,0.0,0.9396484870351157,0.0,1.5523650481612483,0.0,0.0,0.0,0.020736930212847834,0.08655410253702188,0.1415520217968763,0.0,0.0,0.013524076834250673,0.0,0.0910621351482383,0.0,0.0,0.0,0.009016056222965774,2.392860191723762,0.394001485035828,0.23441736879220396,0.12081508858564992,0.01262247991218416,0.0,0.0,0.0,0.0,0.0,0.0,0.0,0.0,0.0
16.899999999999984,0.0,0.0,0.0,0.0,0.0,0.0,0.0,0.0,0.0,0.0,0.0,0.0,0.0,0.0739316226256062,0.4565627987792844,8.574312878670753,18.636288807449112,5.974913173321312,4.08651178891809,1.4089706923632346,7.020688071238477,0.018933718368233647,5.353346214698227,0.8650248272289065,0.0,0.0,0.0,0.0,0.0,0.0,0.046379267243142744,1.8440241243486286,0.0,0.0,0.1184398805167468,0.0,0.0,0.0,0.06401397248159725,0.5558702509503751,2.934194154733521,0.8998019784352556,0.0,0.0,0.05229308949165925,0.7364833692412847,0.059633991129131786,1.1142166437280334,0.01262247991218416,0.0,0.0,0.2797294028785036,1.572893389367499,0.05770273402458965,0.0,0.0,0.0,0.0,0.0,0.0,0.0,0.0,0.0,0.3876902495804327,0.009016050222805386,0.029529354813718683,0.3537065773852525,0.8411976324815766,0.06581716032631842,0.01983531229022496,0.04688347195887671,0.0,0.0,0.0,0.0,0.0,0.0,0.0,0.0,0.0,0.0,0.0,0.0
16.999999999999982,0.0,0.0,0.0,0.0,0.0,0.0,0.0,0.0,0.0,0.0,0.05860432794713985,0.4120336034809819,0.16048574316593361,0.008114444300503287,1.053560754456777,3.0743217123590045,24.75116167184231,1.2109109266019276,8.857472581494028,0.3618501495224519,2.318011133184163,0.045137769169340924,0.0,0.5607984426541857,0.0,0.0,0.0,0.0,0.0,0.0,0.06770599006371038,4.5884460419847715,0.2743371593420938,0.6299569215226045,0.12499352350045206,0.0,0.009917650144957086,0.01442567975516017,0.0,0.20736919712055668,0.024417389031493937,0.0,0.0,0.17941940153012828,0.06311236355997846,0.2434333980152015,0.0,1.2156062085859884,0.11089744144058838,0.0,0.0,0.0,0.0,0.04057225150236025,0.010819265066925895,0.0,0.0,0.0,0.0,0.0,0.0,0.0,0.4836641639432204,0.34310778878130954,0.0,0.007212835378116,0.7176239808890806,0.32908593363114835,0.0,0.0,0.0,0.0,0.0,0.0,0.0,0.0,0.0,0.0,0.0,0.0,0.0,0.0,0.0
17.09999999999998,0.0,0.0,0.0,0.0,0.0,0.0,0.0,0.0,0.0,0.0,1.6499375357606465,0.8083234502552736,1.1797532223417435,5.218875654875155,7.99227577787456,2.311690652284352,26.093495985506415,14.380801043091651,7.6961933985642315,8.746785774536177,9.085987789383273,4.8296829864100115,0.0,0.0,0.0,0.0,0.0,0.0,0.0,0.36064205990870335,1.146421216019095,0.0,1.5478792014155753,1.5780019502819684,0.0,0.0,0.0,0.0,0.013524076834250673,0.0,0.0,0.0,0.05680112510315049,0.0,0.0,0.0,0.16860019946258592,0.0,0.0,0.0,0.009917662145267875,0.0,0.0,0.0811444820045434,0.0,0.0,0.0,0.0,0.0,0.0,0.25605586292679006,0.0703251929360378,0.09647173468396295,0.5797321250214569,0.0,0.0,0.05589953718208805,0.0,0.0,0.0,0.0,0.0,0.0,0.014630170660993834,0.0,0.0,0.0,0.0,0.0,0.0,0.0,0.0,0.0
17.19999999999998,0.0,0.0,0.0,0.0,0.0,0.0,0.0,0.0,0.0,0.17671463176617178,0.5265374626083428,4.56080819524375,5.941385519932454,4.333045603387936,3.3306020247128645,0.9130852799885566,15.806486306719501,8.227978766047736,12.259260351413916,14.1591447878494,18.722360787921826,5.565281228130278,0.0,0.04237543634720582,0.0,0.0,0.0,0.0,0.0,0.9114134136673913,0.2601923544879382,0.4580154455165457,0.0,0.0,0.0,0.0,0.0,0.0,0.0,0.0,0.0,0.0,0.02434334490182065,0.0,0.0,0.0,0.0,0.12622472711916846,0.0,0.0,0.011720870989796874,0.0,0.0,0.1352407773404768,0.0,0.0,0.0,0.0,0.0,0.0,0.009149982369252912,0.09453460269248347,0.0,0.0,0.0,0.0,0.0,0.07122682585828817,0.0,0.045080266114432894,0.06491557840464787,0.0,0.0,0.005205141628093371,0.0,0.0,0.0,0.0,0.0,0.0,0.0,0.0,0.0
17.299999999999983,0.0,0.0,0.0,0.0,0.0,0.0,0.0,0.0,0.017130503523544262,0.036064206891381935,0.0901605082272761,10.51762931298558,4.089827954776209,16.801737095974698,0.7000887692694011,0.0,0.41370077585457915,2.2878102078948026,12.42131868343618,2.636907547758868,6.30469563642448,6.40381658280683,1.5177409700836006,0.0,0.0,0.0,0.0,0.0,0.0,0.7339066417327996,0.8493120857756884,0.10049249192326677,0.0,0.0,0.0,0.0,0.0,0.011720858989486086,0.3146602388759715,0.01442568875671316,0.0,0.0,0.0,0.0,0.0,0.0,0.0,0.6383365039750649,0.023441732979368145,0.0,0.0,0.0,0.0,0.0,0.0,0.0,0.0,0.0,0.0,0.0,0.0,0.0,0.0,0.0,0.0,0.0,0.027048162667968445,0.015327282678704472,0.0,0.0,0.0,0.0,0.0,0.010819265067494773,0.0,0.0,0.0,0.0,0.0,0.0,0.0,0.0,0.0
17.39999999999998,0.0,0.0,0.0,0.0,0.0,0.0,0.0,0.0,0.10729101775193889,0.18947657671445156,0.13246655892544232,10.417224450249606,0.790125432870022,15.886187442908216,0.0,1.719917412953149,33.474843953679674,14.6053430901971,5.1663842655537495,1.955826274295395,11.351481766368803,4.150328759552705,0.9640153685095596,1.0740044679686704,0.016937830989510096,0.0,0.0,0.0,0.0,0.18302583122140328,0.4582698569559673,0.7283847211273222,0.23622060163847222,0.0,0.0,0.0,0.13186606330674092,0.8292451118386193,0.4138368123202112,0.0,0.0,0.0,0.0,0.0,0.0,0.0,0.0,1.1261049539246917,0.3642485105995867,0.0,0.0,0.0,0.0,0.0,0.0,0.0,0.0,0.0,0.0,0.0,0.0,0.008114444300503287,0.0,0.0,0.017130515523865034,0.01893370936799806,0.0,0.0,0.0,0.0,0.0,0.0,0.0,0.0,0.0,0.0,0.0,0.0,0.0,0.0,0.0,0.0,0.0
17.49999999999998,0.0,0.0,0.0,0.0,0.0,0.0,0.0,0.0,0.03696580381287957,0.07469379351572163,2.5070939519445696,3.4141228122784004,1.0693127099181365,18.025786936827473,0.5049506386907529,0.40398421866965173,2.5076077166257016,11.608852930688894,0.0,0.24703982770495947,5.344226865327753,0.09647176768485007,0.0,0.568132801131489,2.4465628160542012,0.7758085202339492,0.3894170357621997,0.0,0.0,0.0,2.295694004072029,0.6492908064457503,2.622069230134935,0.41420560957529684,0.0,0.0,0.0,0.0,0.0,0.7366114775047184,0.5544928789765089,0.22381933999790438,0.017130503523554247,0.0,0.0,0.0,0.0,0.0,0.17762410519471988,0.01351620032739978,0.021638512134518374,0.0,0.0,0.0,0.0,0.0,0.025244941822180525,0.013178191272520871,0.0,0.0,0.0,0.0,0.0,0.0,0.0,0.0,0.0,0.0,0.0,0.0,0.0,0.0,0.0,0.0,0.0,0.0,0.0,0.0,0.0,0.0,0.0,0.0,0.0
17.59999999999998,0.0,0.0,0.0,0.0,0.0,0.0,0.0,0.21687459905548379,0.055899516180204306,0.03426099804686292,2.7206482750273926,1.7269700765473197,3.638731289091637,28.528608291535004,14.432006541185903,2.9957281020537025,0.33354421668229683,1.2739823421722622,4.808451632397142,3.2040292957929295,2.6090050146820114,0.0,0.0,0.0,2.086586569047288,0.24127860875668986,0.0,0.0,0.0,1.3149617886047915,3.3813075752657293,5.358524594791624,2.76888510144248,4.307028544127204,2.502690297927843,0.021504459278252702,0.0,0.0,0.0,0.0,0.055893814402980926,0.9536770554880454,0.0,0.0,0.0,0.0,0.38047738720012275,0.0,0.8565249241658164,0.0,0.07351934441343697,0.0,0.0,0.0,0.0,0.0,0.0,0.01206676555100376,0.0,0.0,0.0,0.018032106445771162,0.0,0.08786050409546234,0.05459312962462496,0.0,0.0,0.0,0.0,0.0,0.0,0.0,0.0,0.0,0.0,0.0,0.0,0.0,0.0,0.0,0.0,0.0,0.0
17.69999999999998,0.0,0.0,0.0,0.0,0.0,1.1946268960183115,0.6022722760795337,0.48006621185917847,0.015327297679100446,0.01893370636792286,0.31099495846587977,0.054646175147351025,0.6216182696567675,1.5701635342625202,7.648830016312944,2.8720895973016334,0.8558806403802499,0.009016050222805386,5.794418367666316,11.310462462476647,7.868503867960136,1.7718787037483237,0.0,0.0,1.160487823339485,4.371087009314265,0.0,0.0,0.0,0.0,1.4593484893473785,10.682755202202316,17.00493882012522,12.423481837923198,3.352283453238292,1.5067491439454237,0.0,0.0,0.0,0.0,0.0,0.0,0.0,0.0,0.0,0.0,0.0,0.0,0.11089744744131766,0.0,0.07073747414942,0.0,0.0,0.0,0.0,0.0,0.0,0.0,0.0,0.0,0.0,0.0,0.0,0.0,0.0495882867241908,0.0,0.0,0.0,0.0,0.0,0.0,0.0,0.0,0.0,0.0,0.0,0.0,0.0,0.0,0.0,0.0,0.0,0.0
17.79999999999998,0.0,0.0,0.0,0.0,0.0,0.009917662144698995,5.6119256042799455,0.3667859894288914,0.05229311349116303,0.021638524134260283,0.11130802726944661,0.5031347591522286,4.216018438870176,0.3385456526703207,0.5527196273721254,3.934146381753029,0.45649695892936587,0.0,1.981238841742001,18.416770349171937,3.3560145230699243,0.0,0.0,0.0,1.985929842572509,3.2562030779300994,0.9468535192253209,0.011023937945394835,0.05043399866331148,0.0,0.04778506588086802,4.681375032244105,4.581873503653151,11.424052093559768,6.993736933754722,1.8010033007026724,0.013524088834571447,0.0,0.0,0.0,0.0,0.0,0.0,0.0,0.0,0.0,0.0,0.0,0.0838492937728163,0.0,0.109094211593996,0.0,0.0,0.0,0.0,0.0,0.0,0.03155617727986145,0.0,0.0,0.0,0.0,0.0,0.0,0.0,0.0,0.0,0.0,0.0,0.0,0.0,0.0,0.0,0.0,0.0,0.0,0.0,0.0,0.0,0.0,0.0,0.0,0.0
17.899999999999977,0.0,0.0,0.0,0.0,0.8162035264044669,1.7058954639730524,9.909496325900344,1.2258398940681108,0.9037581711734488,0.4954691663569475,0.01622890360140255,0.2659735820711015,3.9584919650525645,3.173504141387478,13.298506993044063,3.5171559846968674,3.4148708342587963,0.27697889509230444,6.641770072344247,12.315625732557036,3.847886378131043,3.0292487315003553,0.059721109341911285,0.0,2.1955451144415328,4.589155438817386,6.748573142042229,4.060794626373749,13.79180766044961,0.3687449378218463,0.0,0.0,6.9464019344228465,6.877548188946968,3.9585004906174666,5.503432084121002,0.7318747859021819,0.0,0.0,0.0,0.0,0.0,0.0,0.0,0.09827497952792728,0.0,0.0,0.0,0.0,0.0,0.1000781823707689,0.01893371536815845,0.0,0.0,0.0,0.0,0.0,0.0,0.0,0.0,0.0,0.0,0.0,0.0,0.0,0.0,0.0,0.0,0.0,0.0,0.0,0.0,0.0,0.0,0.0,0.0,0.0,0.0,0.0,0.0,0.0,0.0,0.0
17.99999999999998,0.0,0.0,0.0,0.0,0.7500610385713671,11.405268631664232,4.543854078346053,1.1448289566145118,1.164525165555059,1.956043034748256,0.007212847378436774,18.387203060661932,16.703753305257546,0.35919368826607984,14.691027932341163,4.4561165506499645,5.50352483333244,0.7646730372283608,2.134663100813434,3.3702821769238103,16.332166112429576,5.139748900402011,11.529939511677709,0.49110115892096595,0.0,1.3963077306321034,9.055514734285497,8.957554979456239,2.2556061425605716,11.45536747356083,0.41153925766223753,3.228456038883772,27.722929780557532,23.464380785503042,7.85944651861805,9.030926425586202,2.4011901188197187,0.0,0.0,0.0,0.0,0.0,0.0,0.0,0.035162594968929435,0.0,0.0,0.0,0.0,0.0,0.0,0.0,0.0,0.0,0.0,0.0,0.0,0.0,0.0,0.0,0.0,0.0,0.0,0.0,0.0,0.0,0.0,0.0,0.0,0.0,0.0,0.0,0.0,0.0,0.0,0.0,0.0,0.0,0.0,0.0,0.0,0.0,0.0
18.09999999999998,0.0,0.0,0.0,0.0,0.0,7.257377279179768,6.070623726976727,0.7845266162223445,0.00721285337859716,0.3591818596785963,1.2745996099777799,18.05332784150772,18.579013249684653,0.8777365312772442,2.0699229234851946,3.706188921417583,6.574883295165924,0.1261602168571876,1.8530530173934963,13.645281626456802,0.6116474126528151,0.6428444915804228,0.6763656026993304,1.0581161978542475,5.093389287408457,21.309965006724887,9.378839955365338,30.081577626597227,0.5829316171267476,11.35042905791441,1.300667993223405,0.2938959139944199,8.283620530112765,3.9727786460114194,14.748791300003859,13.580883128598396,0.5346518829102904,0.034260992046702535,0.0,0.0,0.0,0.0,0.0,0.0,0.0,0.0,0.0,0.0,0.0,0.0,0.0,0.0,0.0,0.0,0.0,0.0,0.0,0.0,0.0,0.0,0.0,0.0,0.0,0.0,0.0,0.0,0.0,0.0,0.0,0.0,0.0,0.0,0.0,0.0,0.0,0.0,0.0,0.0,0.0,0.0,0.0,0.0,0.0
18.199999999999978,0.0,0.0,0.0,0.07091748921810286,8.227644510901357,6.831802077652204,8.786680646608477,2.3658624378808275,0.01172087698995726,10.808556654882791,35.36238734767599,21.99674617774522,6.891083207307128,1.3506045885704716,3.515642922718492,5.173590143483838,2.393461401460106,0.14002902836593809,3.1552318082556257,3.152594232067634,0.09857532970046234,0.0,4.213977187796593,1.0508124102682206,10.604153141123652,13.919725782040285,18.172191962522362,18.741768599533483,5.2749873524683775,0.0,2.206946477463279,0.2019595945908049,0.0,0.6522378842970634,8.07015567146805,21.453355425777175,10.943712571065609,0.0,0.0,0.0,0.0,0.0,0.0,0.0,0.0,0.0,0.0,0.0,0.0,0.0,0.0,0.0,0.0,0.0,0.0,0.0,0.0,0.0,0.0,0.0,0.0,0.0,0.0,0.0,0.0,0.0,0.0,0.0,0.0,0.0,0.0,0.0,0.0,0.0,0.0,0.0,0.0,0.0,0.0,0.0,0.0,0.0,0.0
18.299999999999976,0.0,0.0,2.212614378381231,3.523473068777937,9.770624235436893,6.556970017097357,7.40354086540922,0.17677910423977997,0.36965813113263407,10.61474013866315,9.840650951241463,1.2501382145784938,0.09392659489626402,4.157783887039346,0.3912966072641342,2.8684083666789335,5.0922315634049955,1.0068128257741946,3.324980341212859,9.609629546800242,0.5804349667827539,0.21860770464584747,0.0,4.8615960378551195,0.19006861111273754,3.540365696600348,14.218002213316467,14.762056891618917,4.466409064461053,0.38877310657017905,6.5439153628592175,1.5399201923743002,0.10458623298418311,0.12494583870583309,2.775998598549833,13.873911444676935,15.711064963977627,0.0,0.0,0.0,0.0,0.0,0.0,0.0,0.0,0.0,0.0,0.0,0.0,0.0,0.0,0.0,0.0,0.0,0.0,0.0,0.0,0.0,0.0,0.0,0.0,0.0,0.0,0.0,0.0,0.0,0.0,0.0,0.0,0.0,0.0,0.0,0.0,0.0,0.0,0.0,0.0,0.0,0.0,0.0,0.0,0.0,0.0
18.399999999999977,0.6197944012243064,1.3319019432685373,0.7654628490153591,1.652382002689512,7.260831744702866,2.327512516844722,3.152050163534144,0.3667215105753267,0.10007818237229588,2.244497799262458,12.038368484203632,1.2629952506923063,0.5439872316953995,14.902367298475784,0.9762022629676899,1.2207734587582795,0.6438833754960135,2.360946306148816,5.454722487701971,3.01486518695313,1.3621049722630023,2.2611078436651972,14.046919179289397,6.159139442878492,4.816150533639001,9.241284776433842,7.291371756972807,14.185350999260418,9.40756743634865,9.666050440289329,6.691348585630221,1.4001928662985985,0.6036722495243257,2.046340997341914,16.260237136253956,22.559441505613215,1.3514045966986161,0.0,0.0,0.0,0.0,0.0,0.0,0.0,0.0,0.0,0.0,0.0,0.0,0.0,0.0,0.0,0.0,0.0,0.0,0.0,0.0,0.0,0.0,0.0,0.0,0.0,0.0,0.0,0.0,0.0,0.0,0.0,0.0,0.0,0.0,0.0,0.0,0.0,0.0,0.0,0.0,0.0,0.0,0.0,0.0,0.0,0.0
18.49999999999998,13.04351449756765,5.890777259772661,0.06035224966241277,1.2836306704285303,1.2236283751382901,5.282237526793076,9.331376631210585,2.6274580721916516,0.09376694391739414,0.0,4.2801614365928575,0.10271022812692103,0.024343341900418064,6.870659350540906,4.474680895038905,0.0,0.0,0.46786858839845924,3.6118950508900194,1.4830510652658377,0.12351991535187361,2.144456595794509,14.352899129087808,13.143457918373278,4.977620309358098,5.467767354550137,18.0341284785451,9.606701045145025,18.253698308295697,4.375009529711458,2.6437605547250373,0.3822806650434073,1.1466122525553242,0.18916046444514242,0.8617127776342306,9.864549793145882,0.6377310275758665,0.0,0.0,0.0,0.0,0.0,0.0,0.0,0.0,0.0,0.0,0.0,0.0,0.0,0.0,0.0,0.0,0.0,0.0,0.0,0.0,0.0,0.0,0.0,0.0,0.0,0.0,0.0,0.0,0.0,0.0,0.0,0.0,0.0,0.0,0.0,0.0,0.0,0.0,0.0,0.0,0.0,0.0,0.0,0.0,0.0,0.0
18.599999999999977,0.0,0.0,0.0,0.0,0.0,3.2139503389857387,6.647167841055093,0.03379734446020671,0.0,0.2892836185163786,2.672944534274335,0.7789869168389649,0.0,1.6951396653478465,6.302682394083911,1.0164088086585898,0.0,0.0,0.0,0.9746352189829358,0.0,1.8372018471087317,8.176267069559335,11.487731126965656,0.6218373016156403,2.1480773763073806,5.767431779749223,27.117422506854766,31.289193935813042,5.174675896443426,0.16198073717458744,0.14515843048720573,2.1689048269045728,1.125795612978793,0.09557013776153712,0.3379163438670316,0.5207510152434204,0.0,0.0,0.0,0.0,0.0,0.0,0.0,0.0,0.0,0.0,0.0,0.0,0.0,0.0,0.0,0.0,0.0,0.0,0.0,0.0,0.0,0.0,0.0,0.0,0.0,0.0,0.0,0.0,0.0,0.0,0.0,0.0,0.0,0.0,0.0,0.0,0.0,0.0,0.0,0.0,0.0,0.0,0.0,0.0,0.0,0.0
18.699999999999974,0.0,0.0,0.0,0.0,0.0,2.269409446112097,4.4086142521034075,0.0,0.0,1.1723196043885586,2.573743138617301,0.0,0.0,0.003100388162700033,5.997443453817759,8.37195032070984,0.05309522629837485,0.0,0.2646500158784909,3.597432697134747,0.24884303654626488,3.896342400526775,4.4482079199161,16.740046986676326,1.9582559261156298,0.4839375117883363,0.47473472081482343,14.53262457409271,9.706168401180534,12.897837666185291,0.8166862287493811,0.0,0.13433917741983212,0.38966452634617965,0.0,0.537641996749576,0.7194809709744717,0.09376694691594234,0.0,0.0,0.0,0.0,0.0,0.0,0.0,0.0,0.0,0.0,0.0,0.0,0.0,0.0,0.0,0.0,0.0,0.0,0.0,0.0,0.0,0.0,0.0,0.0,0.0,0.0,0.0,0.0,0.0,0.0,0.0,0.0,0.0,0.0,0.0,0.0,0.0,0.0,0.0,0.0,0.0,0.0,0.0,0.0,0.0
18.799999999999976,0.0,0.0,0.0,0.0,0.0,0.06581719032674109,0.9121986421625918,0.010819265067494773,0.0,0.1000781793731788,0.2668751819936424,0.0,0.02591780079682285,1.7736440316057684,1.9850537092411917,0.04789712910257454,0.7438242978788452,0.0,0.06575500980112098,3.877358413319075,0.0,3.3134668461608072,10.427329535497787,29.07060995535864,2.1006123998165327,0.01352408283441106,1.5128935735829394,5.1203805661435355,6.485189581094167,18.873482576262912,2.2520546626730362,0.11270066528609221,0.009917659145192673,0.013524079834335859,0.5553887291215216,0.763374290098185,0.23081099610375494,0.0,0.0,0.0,0.0,0.0,0.0,0.0,0.0,0.0,0.0,0.0,0.0,0.0,0.0,0.0,0.0,0.0,0.0,0.0,0.0,0.0,0.0,0.0,0.0,0.0,0.0,0.0,0.0,0.0,0.0,0.0,0.0,0.0,0.0,0.0,0.0,0.0,0.0,0.0,0.0,0.0,0.0,0.0,0.0,0.0,0.0
18.899999999999977,0.0,0.0,0.0,0.0,0.32559995836501726,1.7121018296209316,11.636291075990611,1.1067977350792846,0.023441747979005615,0.16228896701181678,0.6491556970374315,0.02975296843533245,0.16651960114679445,1.0176110898655077,0.3372003359312874,2.221129321115558,1.1785662322774273,3.1170883779712737,0.7922178024548293,0.17040338730941296,0.0,0.3563313047596629,12.206679188926763,11.294815650017787,3.2023504058042738,0.0,5.83756152716138,2.3309816456372063,2.294231947518322,5.386290896393548,16.908410661184345,0.10256932959115517,0.0,0.0,0.004508029611520487,0.050489886646542116,0.04057223050275202,0.0,0.0,0.0,0.0,0.0,0.0,0.0,0.0,0.0,0.0,0.0,0.0,0.0,0.0,0.0,0.0,0.0,0.0,0.0,0.0,0.0,0.0,0.0,0.0,0.0,0.0,0.0,0.0,0.0,0.0,0.0,0.0,0.0,0.0,0.0,0.0,0.0,0.0,0.0,0.0,0.0,0.0,0.0,0.0,0.0,0.0
18.999999999999975,0.0,0.0,0.0,0.0,0.8356676565319638,1.586825145204922,9.640120373006702,2.6025449360393265,0.029752977434819514,0.0,0.0,0.1649937667769145,0.0,0.0,0.0,0.6785822669990904,1.974374770557555,2.049884966841878,10.743080751068169,0.0,0.0,0.0,7.073460821004662,2.115811710229739,1.8173441390491734,0.6271520877406925,0.13048825023148775,0.7530856591313996,4.9055279461655195,14.149659319753598,4.910212131048437,0.07573481646898073,0.04778508388134918,0.018933724367825155,0.0,0.5109140238233411,0.27241471512570986,0.03893522916930844,0.11270065028435888,0.009917653145032287,0.0,0.0,0.0,0.0,0.0,0.0,0.0,0.0,0.0,0.0,0.0,0.0,0.0,0.0,0.0,0.0,0.0,0.0,0.0,0.0,0.0,0.0,0.0,0.0,0.0,0.0,0.0,0.0,0.0,0.0,0.0,0.0,0.0,0.0,0.0,0.0,0.0,0.0,0.0,0.0,0.0,0.0,0.0
19.099999999999973,0.0,0.0,0.0,0.0,0.0,0.0,9.731280778957611,6.305262154008683,0.0,0.14773561209533248,3.8959796231598642,25.77856135758338,1.4628752285439317,0.0,0.0,1.9308124785329488,1.3198639514971364,6.701490957850064,1.3677590751512008,0.3967063268037751,0.0,0.009016053222880589,4.602642512706389,0.02704814766834096,0.2842494316593074,1.9201752272960773,0.0,0.2230652294021471,2.9169515533965646,6.701903851450235,2.078344548135789,0.2136804235774431,0.028851365513115533,0.024343338901670248,0.0,0.7194289584798884,0.5271670568469216,0.07240042846794968,0.018933718367854395,0.0,0.0,0.0,0.0,0.0,0.0,0.0,0.0,0.0,0.0,0.0,0.0,0.0,0.0,0.0,0.0,0.0,0.0,0.0,0.0,0.0,0.0,0.0,0.0,0.0,0.0,0.0,0.0,0.0,0.0,0.0,0.0,0.0,0.0,0.0,0.0,0.0,0.0,0.0,0.0,0.0,0.0,0.0,0.0
19.199999999999974,0.0,0.0,0.0,0.0,0.02706853671284661,7.122355013684643,11.908440731942303,0.5808022314098027,0.21172415427454336,13.299123512006934,13.14423493854887,8.768934859101558,2.940219601085454,0.014425682756552774,0.1859121821675185,1.7437044616751742,1.765678126812056,1.0143869137146544,5.798223138144476,0.16950178438794458,0.0,0.019835306289495695,3.941416164685715,0.5991196753913236,0.0,0.0,0.07145932550610415,0.9283663378239121,2.0484279826668716,2.9874052549872325,0.12323790537768008,5.000533432435619,0.0,0.0,0.31228153893939187,5.216790444782264,0.45037483183814386,0.01172087698995726,0.08204607292757729,0.06762036617002369,0.0,0.0,0.0,0.0,0.0,0.0,0.0,0.0,0.0,0.0,0.0,0.0,0.0,0.0,0.0,0.0,0.0,0.0,0.0,0.0,0.0,0.0,0.0,0.0,0.0,0.0,0.0,0.0,0.0,0.0,0.0,0.0,0.0,0.0,0.0,0.0,0.0,0.0,0.0,0.0,0.0,0.0,0.0
19.299999999999976,0.0,0.0,0.0,0.0,0.0,6.896146138662,14.671603381797896,13.407156434201749,24.871683429199713,7.771969986752005,0.2524865094859848,6.5589983455552785,3.0586317942510637,0.386404453998404,0.3896962018982985,0.0,0.2423602172475758,3.1755088642617926,0.1696856013554695,0.5364550737551366,0.0,0.0,0.08294768784823868,0.23364953734404492,0.0,0.009016050222805386,1.1610349832464963,2.794976148053565,2.8398825871120463,2.945343394412838,1.8150281856477184,0.1289805623534053,0.008114444300503287,0.0,0.9191114990176622,0.9995044185868387,0.3255304974084686,0.20195955558563553,0.011954710396970436,0.0,0.0,0.0,0.0,0.0,0.0,0.0,0.0,0.0,0.0,0.0,0.0,0.0,0.0,0.0,0.0,0.0,0.0,0.0,0.0,0.0,0.0,0.0,0.0,0.0,0.0,0.0,0.0,0.0,0.0,0.0,0.0,0.0,0.0,0.0,0.0,0.0,0.0,0.0,0.0,0.0,0.0,0.0,0.0
19.399999999999974,0.0,0.0,0.0,0.0,0.0,0.14028274799234927,3.27160190102632,10.717189661392725,9.51670751398301,1.065848436531043,0.9064205511040478,16.987563366909377,1.09699922976019,0.01983531529030016,0.01172087398988206,0.0775380373151479,2.2414610330399216,9.6561201824421,1.107898407392753,0.13163437465275288,0.0,0.0,0.0,0.06658499477580891,0.0,0.006020898573281631,0.9505822829645645,1.363227020479287,0.5521662541557921,1.9400206353281406,0.03649813005404043,0.0,0.039851353181684056,0.0,0.0,0.0,0.20195953158934538,3.565821868706592,0.5336605387317322,0.0,0.0,0.0,0.0,0.0,0.0,0.0,0.0,0.0,0.0,0.0,0.0,0.0,0.0,0.0,0.0,0.0,0.0,0.0,0.0,0.0,0.0,0.0,0.0,0.0,0.0,0.0,0.0,0.0,0.0,0.0,0.0,0.0,0.0,0.0,0.0,0.0,0.0,0.0,0.0,0.0,0.0,0.0,0.0
19.49999999999997,0.0,0.0,0.0,0.0,0.0,0.38893858846719964,0.12768120899465227,2.6457693779900953,6.3812833194872685,3.1211587705424932,0.13160064155633563,0.17178594474774306,0.29605973143731296,0.04508026011370363,0.009016050222805386,0.0,2.7561926183651337,5.9960361616351125,1.142094620844933,0.0,0.0,0.0,0.0,0.0,0.0,0.0,0.0,0.2051148938434439,0.054547398768343566,0.0950935339852139,0.0,0.0,0.025293957233927532,0.0,0.0,0.0360642008902834,0.10729099674873774,3.719905899062363,0.12081511258512373,0.39219825819006937,0.0,0.0,0.0,0.0,0.0,0.0,0.0,0.0,0.0,0.0,0.0,0.0,0.0,0.0,0.0,0.0,0.0,0.0,0.0,0.0,0.0,0.0,0.0,0.0,0.0,0.0,0.0,0.0,0.0,0.0,0.0,0.0,0.0,0.0,0.0,0.0,0.0,0.0,0.0,0.0,0.0,0.0,0.0
19.599999999999973,0.0,0.0,0.0,0.0,0.0,0.0,0.0,0.9945211590582218,4.792034956072356,0.18915198894912413,0.06942361101569465,0.00213575842388915,0.0,0.0,0.01622889460116696,0.23081094510469213,0.4922764405593411,0.8466072440166837,0.45711386059103737,0.05794059649362034,0.0,0.0,0.016228888601006575,0.0,0.0,0.001471328670006418,0.0,0.0,0.0,0.4080021296424155,0.0,0.0813823144730915,0.0,0.0,0.0,0.0,0.03245779820199064,0.015327282678704472,0.0,0.0,0.0,0.0,0.0,0.0,0.0,0.0,0.0,0.0,0.0,0.0,0.0,0.0,0.0,0.0,0.0,0.0,0.0,0.0,0.0,0.0,0.0,0.0,0.0,0.0,0.0,0.0,0.0,0.0,0.0,0.0,0.0,0.0,0.0,0.0,0.0,0.0,0.0,0.0,0.0,0.0,0.0,0.0,0.0
19.699999999999974,0.0,0.0,0.0,0.0,0.0,0.0,0.0,0.05148553032758281,0.1334375354962284,0.0,0.0,0.0,0.0,0.0,0.0,0.04598186603658459,0.40903356307381716,0.06455783112004357,0.0,0.48753059048388486,0.0,0.0,0.0,0.0,0.0,0.007544718552344515,0.05048988664729062,0.0,0.0,0.0,0.02794975959080345,0.14041258340582646,0.0,0.0,0.0,0.0,0.0,0.0,0.0,0.0,0.0,0.0,0.0,0.0,0.0,0.0,0.0,0.0,0.0,0.0,0.0,0.0,0.0,0.0,0.0,0.0,0.0,0.0,0.0,0.0,0.0,0.0,0.0,0.0,0.0,0.0,0.0,0.0,0.0,0.0,0.0,0.0,0.0,0.0,0.0,0.0,0.0,0.0,0.0,0.0,0.0,0.0,0.0
19.799999999999972,0.0,0.0,0.0,0.0,0.0,0.0,0.0,0.0,0.0,0.0,0.0,0.0,0.0,0.0,0.0,0.0,0.0,0.0369658188130959,0.0,0.9908641135812183,0.03967063658039144,0.001803208844529,0.0,0.0,0.0,0.0,0.0,0.0,0.0,0.0,0.012622467911863387,0.0,0.0,0.0,0.0,0.0,0.0,0.0,0.0,0.0,0.0,0.0,0.0,0.0,0.0,0.0,0.0,0.0,0.0,0.0,0.0,0.0,0.0,0.0,0.0,0.0,0.0,0.0,0.0,0.0,0.0,0.0,0.0,0.0,0.0,0.0,0.0,0.0,0.0,0.0,0.0,0.0,0.0,0.0,0.0,0.0,0.0,0.0,0.0,0.0,0.0,0.0,0.0
19.89999999999997,0.0,0.0,0.0,0.0,0.0,0.0,0.0,0.0,0.0,0.0,0.0,0.0,0.0,0.0,0.0,0.0,0.0,0.0,0.014425682756552774,0.0,0.02794976859065978,0.0,0.0,0.012622467911863387,0.0,0.0,0.0,0.0,0.0,0.0,0.01532728867886486,0.030654574357075654,0.0,0.0,0.0,0.0,0.0,0.0,0.0,0.0,0.0,0.0,0.0,0.0,0.0,0.0,0.0,0.0,0.0,0.0,0.0,0.0,0.0,0.0,0.0,0.0,0.0,0.0,0.0,0.0,0.0,0.0,0.0,0.0,0.0,0.0,0.0,0.0,0.0,0.0,0.0,0.0,0.0,0.0,0.0,0.0,0.0,0.0,0.0,0.0,0.0,0.0,0.0
19.99999999999997,0.0,0.0,0.0,0.0,0.0,0.0,0.0,0.0,0.0,0.0,0.0,0.0,0.0,0.0,0.0,0.0,0.0,0.0,0.0,0.009016053222890572,0.045080272114593284,0.2858088733613589,0.07032519893637784,0.0,0.0,0.07270081288955219,0.0,0.0,0.0,0.0,0.0,0.0,0.025244944823972347,0.0,0.0,0.0,0.0,0.0,0.0,0.0,0.0,0.0,0.0,0.0,0.0,0.0,0.0,0.0,0.0,0.0,0.0,0.0,0.0,0.0,0.0,0.0,0.0,0.0,0.0,0.0,0.0,0.0,0.0,0.0,0.0,0.0,0.0,0.0,0.0,0.0,0.0,0.0,0.0,0.0,0.0,0.0,0.0,0.0,0.0,0.0,0.0,0.0,0.0
20.099999999999973,0.0,0.0,0.0,0.0,0.0,0.0,0.0,0.0,0.0,0.0,0.0,0.0,0.0,0.0,0.0,0.0,0.0,0.0,0.0,0.0,0.0,0.0,0.0,0.0,0.0,0.0012308187374173803,0.0,0.0,0.0,0.020736912212366676,0.29843133527417975,0.0,0.0,0.0,0.0,0.0,0.0,0.0,0.0,0.0,0.0,0.0,0.0,0.0,0.0,0.0,0.0,0.0,0.0,0.0,0.0,0.0,0.0,0.0,0.0,0.0,0.0,0.0,0.0,0.0,0.0,0.0,0.0,0.0,0.0,0.0,0.0,0.0,0.0,0.0,0.0,0.0,0.0,0.0,0.0,0.0,0.0,0.0,0.0,0.0,0.0,0.0,0.0
20.19999999999997,0.0,0.0,0.0,0.0,0.0,0.0,0.0,0.0,0.0,0.0,0.0,0.0,0.0,0.0,0.0,0.0,0.0,0.0,0.0,0.0,0.0,0.0,0.0,0.0,0.0,0.011269938341038602,0.0,0.0,0.0,0.014425682756552774,0.08204608492789807,0.0,0.0,0.0,0.0,0.0,0.0,0.0,0.0,0.0,0.0,0.0,0.0,0.0,0.0,0.0,0.0,0.0,0.0,0.0,0.0,0.0,0.0,0.0,0.0,0.0,0.0,0.0,0.0,0.0,0.0,0.0,0.0,0.0,0.0,0.0,0.0,0.0,0.0,0.0,0.0,0.0,0.0,0.0,0.0,0.0,0.0,0.0,0.0,0.0,0.0,0.0,0.0
20.29999999999997,0.0,0.0,0.0,0.0,0.0,0.0,0.0,0.0,0.0,0.0,0.0,0.0,0.0,0.0,0.0,0.0,0.0,0.0,0.0,0.0,0.0,0.0,0.0,0.0,0.0,0.03381031577321387,0.0,0.007212847377867895,0.0,0.0,0.0,0.0,0.0,0.0,0.0,0.0,0.0,0.0,0.0,0.0,0.0,0.0,0.0,0.0,0.0,0.0,0.0,0.0,0.0,0.0,0.0,0.0,0.0,0.0,0.0,0.0,0.0,0.0,0.0,0.0,0.0,0.0,0.0,0.0,0.0,0.0,0.0,0.0,0.0,0.0,0.0,0.0,0.0,0.0,0.0,0.0,0.0,0.0,0.0,0.0,0.0,0.0,0.0
